AbiBL,AbiLand,Abinote,BFI_K_1,BFI_K_11,BFI_K_12,BFI_K_13,BFI_K_14,BFI_K_16,BFI_K_17,BFI_K_18,BFI_K_19,BFI_K_2,BFI_K_3,BFI_K_4,BFI_K_6,BFI_K_7,BFI_K_8,BFI_K_9,BM_Inf_1,BM_Inf_10,BM_Inf_14,BM_Inf_15,BM_Inf_17,BM_Inf_18,BM_Inf_2,BM_Inf_3,BM_Inf_4,BM_Inf_6,BM_Inf_8,BM_Inf_9,GK_Inf,Ktyp_exp,Ktyp_psych,Kurs_Inf,LK_Inf,LK_Mat,LK_Phy,LMI_1,LMI_10,LMI_11,LMI_12,LMI_13,LMI_14,LMI_15,LMI_16,LMI_17,LMI_18,LMI_19,LMI_2,LMI_20,LMI_21,LMI_22,LMI_23,LMI_24,LMI_25,LMI_26,LMI_27,LMI_28,LMI_29,LMI_3,LMI_30,LMI_4,LMI_5,LMI_6,LMI_7,LMI_8,LMI_9,Note_MfI1_20182_T01,Note_MfI1_20182_T02,Note_Prog1_20182_T01,Note_Prog1_20182_T02,MfI1_beste,Prog1_beste,beste,MfI1_bestanden,Prog1_bestanden,beste_bestanden,beide,Prog1_scaled,SKInf_1,SKInf_2,SKInf_3,SKInf_4,SKMat_1,SKMat_2,SKMat_3,SKMat_4,Semester,Std_Inf,Xp1,Xp2,Xp3,Xt1,Xt2,Xt3,Xtt3,mean_BFI_K_E,mean_BFI_K_G,mean_BFI_K_N,mean_BFI_K_V,mean_LMI,mean_SKInf,mean_SKMat,sex,stg_Bioinf,stg_CKT,stg_Cyber,stg_ES,stg_Inf,stg_InfNeben,stg_MathInf,stg_Medieninf
0,2,6,2,4,2,4,4,3,2,4,3,4,4,3,4,4,1,1,4,3,3,3,3,3,3,3,3,3,2,3,2,10,14,1,2,2,1,7,6,7,7,6,5,3,6,5,5,6,7,6,5,6,6,5,6,6,5,5,6,3,7,5,7,5,5,5,6,600,600,500,500,600,500,500,600,1,1,0,444.536607884242,3,4,4,4,5,6,5,5,2,1,,,,,,,,3.25,3.25,2.75,3,5.63333333333333,3.75,5.25,2,0,0,0,0,1,0,0,0
0,2,6,1,3,3,3,4,3,3,4,3,3,4,4,2,2,4,5,3,2,2,4,2,3,3,4,3,3,3,2,2,10,14,0,2,1,1,7,4,6,7,6,5,4,4,2,4,4,7,6,4,6,7,7,6,7,6,4,7,4,4,6,5,4,7,6,3,500,370,600,370,370,370,370,0,0,0,2,340.376193466299,2,2,2,2,3,3,4,3,2,0,,,,,,,,2.25,3.75,4,2.75,5.3,2,3.25,1,0,0,0,0,1,0,0,0
11,1,6,2,4,2,3,4,4,4,3,5,3,4,4,3,4,4,4,4,4,4,4,3,3,4,4,4,4,3,3,1,14,10,3,2,1,2,7,6,4,6,6,3,5,6,4,4,4,5,5,6,5,5,4,6,4,6,6,7,4,6,3,6,6,5,4,5,400,270,100,270,270,100,100,0,0,0,2,124.043025059752,6,6,6,6,5,5,5,4,2,4,,,,,,,,3.25,3.5,4.25,3.25,5.1,6,4.75,2,0,0,0,0,1,0,0,0
0,2,4,3,3,3,3,5,3,2,5,4,3,3,3,3,4,3,3,4,3,2,3,2,3,4,4,3,3,3,3,2,10,14,2,2,1,2,4,4,4,4,4,5,4,4,4,4,5,4,4,4,4,4,4,4,3,5,4,4,4,4,4,4,4,4,3,4,500,600,600,600,500,600,500,1,600,1,0,463.406454730254,4,3,4,4,4,4,4,3,2,2,,,,,,,,3,3.5,3.75,3,4.03333333333333,3.75,3.75,2,0,0,0,0,1,0,0,0
11,1,3.7,4,2,4,3,4,4,5,5,2,3,5,4,4,3,3,4,2,4,3,4,3,4,4,4,4,4,2,1,2,4,8,1,2,2,2,4,6,2,7,7,6,1,6,6,6,7,6,7,6,7,2,6,7,6,7,6,6,6,6,7,7,6,4,2,6,500,500,600,500,500,500,500,1,1,1,0,444.536607884242,7,6,7,7,2,2,1,1,2,1,,,,,,,,3.5,4,3.5,3.75,5.6,6.75,1.5,2,0,0,0,0,0,0,0,0
11,1,3.7,1,5,2,3,2,2,4,3,2,4,2,1,3,3,1,2,3,4,2,2,1,1,3,3,3,2,2,4,2,16,16,0,2,1,2,5,4,5,5,4,3,1,4,4,1,3,5,5,3,6,2,2,2,6,4,3,5,3,6,3,6,5,4,5,3,600,500,600,500,500,500,500,1,1,1,0,444.536607884242,4,5,1,4,6,6,6,5,2,0,,,,,,,,2.75,2.25,1.75,3.25,3.9,3.5,5.75,2,0,0,0,0,1,0,0,0
11,1,3.6,2,4,2,3,4,3,2,4,4,3,3,3,4,4,2,4,4,4,4,4,3,4,4,4,4,4,3,4,1,16,16,4,2,2,2,7,6,4,6,5,5,1,5,3,5,6,7,4,5,5,6,4,5,6,4,4,4,2,6,4,7,5,6,2,5,600,600,500,400,600,400,400,600,0,0,1,364.41321217812,6,7,6,7,3,3,3,3,2,2,,,,,,,,3.25,3,3.75,2.75,4.8,6.5,3,2,0,0,1,0,0,0,0,0
11,1,3.5,2,4,2,2,4,3,2,4,1,3,2,3,3,4,1,2,4,3,3,3,2,2,4,4,4,3,2,2,2,10,14,3,1,1,2,3,4,3,3,3,3,5,4,4,4,3,4,5,5,4,3,4,4,4,5,5,4,3,5,2,5,4,3,4,3,500,400,500,370,400,370,370,0,0,0,2,340.376193466299,5,5,4,4,4,3,3,2,2,4,,,,,,,,3,2.25,2.5,2.75,3.83333333333333,4.5,3,2,0,0,0,0,1,0,0,0
10,1,3.4,2,4,3,3,3,2,3,4,3,3,3,2,4,2,2,3,4,4,3,3,2,3,4,4,4,3,3,3,1,16,16,3,2,1,1,6,6,5,5,5,5,6,5,6,5,6,6,6,6,5,6,6,5,6,6,6,5,5,6,4,7,6,5,6,5,500,400,300,500,400,300,300,0,0,0,2,284.289816471997,6,5,5,5,6,6,5,5,2,3,,,,,,,,3,3,2.75,2.75,5.56666666666667,5.25,5.5,2,0,0,0,0,1,0,0,0
0,2,3.4,3,4,1,2,5,4,2,3,4,3,2,5,4,2,1,3,3,3,3,3,1,2,3,4,4,3,1,2,2,4,8,0,2,1,1,3,3,2,5,5,4,1,3,2,5,6,2,2,3,2,2,5,5,4,5,6,5,3,5,4,5,2,3,1,3,370,600,270,600,370,270,270,0,0,0,2,260.252797760176,4,3,2,2,3,2,2,2,2,0,,,,,,,,3.75,2,4.25,2,3.53333333333333,2.75,2.25,2,0,0,1,0,0,0,0,0
11,1,3.3,1,5,4,2,3,1,4,3,5,5,4,3,2,5,2,2,4,4,3,4,3,3,4,4,4,3,3,3,1,8,4,5,2,1,2,7,4,5,3,4,4,4,4,3,1,2,5,5,4,5,3,2,1,3,5,6,5,3,5,2,5,6,4,5,5,500,370,330,370,370,330,330,0,0,0,2,308.326835183838,6,5,6,6,5,5,5,5,2,4,,,,,,,,2.25,2.75,3.25,4.5,4,5.75,5,2,0,0,1,0,0,0,0,0
11,1,3.3,1,5,2,4,4,2,3,4,4,4,4,3,4,4,3,2,4,4,4,4,2,3,3,4,3,4,3,4,1,14,10,3,2,2,2,6,5,6,5,7,4,7,6,7,4,7,6,6,6,4,5,5,3,3,4,6,5,3,6,6,7,5,5,3,5,500,500,500,500,500,500,500,1,1,1,0,444.536607884242,6,6,5,6,4,3,3,3,2,4,,,,,,,,3,3.75,3.25,3.25,5.23333333333333,5.75,3.25,2,0,0,1,0,0,0,0,0
9,1,3.3,3,2,2,4,2,4,4,4,2,4,4,2,4,4,2,3,4,4,4,4,1,3,4,4,4,3,2,2,2,14,10,2,2,2,2,7,5,6,7,5,6,5,6,6,5,5,6,7,6,6,7,6,6,6,6,6,6,4,7,4,7,6,6,5,4,600,600,500,500,600,500,500,600,1,1,0,444.536607884242,5,5,5,3,4,4,3,3,2,0,,,,,,,,3.25,3.5,2.25,3.5,5.8,4.5,3.5,2,0,0,1,0,0,0,0,0
10,1,3.3,3,2,3,4,4,3,4,4,3,3,4,3,2,4,2,2,4,4,4,4,1,2,4,4,4,3,3,3,2,16,16,0,2,1,2,7,7,4,7,7,7,7,6,5,4,6,7,5,6,4,7,4,5,7,5,6,7,2,7,4,7,7,7,6,7,600,500,600,500,500,500,500,1,1,1,0,444.536607884242,4,4,2,3,4,4,4,3,2,0,,,,,,,,2.5,3.5,3,3.5,5.9,3.25,3.75,2,0,0,0,0,1,0,0,0
16,1,3.3,1,5,3,2,5,1,4,2,5,2,3,2,2,4,1,4,3,3,3,2,3,2,3,3,2,3,2,3,2,10,14,3,1,1,1,7,6,6,6,6,5,7,7,5,5,3,5,3,5,6,6,5,5,5,5,7,5,5,5,1,5,6,6,3,7,500,500,500,500,500,500,500,1,1,1,0,444.536607884242,5,6,5,5,5,6,4,4,2,8,,,,,,,,2.25,2,4,3.25,5.26666666666667,5.25,4.75,2,0,0,0,0,0,0,0,1
1,1,3.2,2,4,2,3,1,2,3,3,2,5,2,1,2,5,2,1,3,3,3,3,3,2,3,4,3,3,1,3,2,4,8,2,2,1,1,7,5,4,5,5,2,2,4,5,6,6,7,4,5,5,6,4,5,5,6,5,5,3,5,2,5,4,6,7,5,600,600,600,500,600,500,500,600,1,1,0,444.536607884242,5,6,5,5,5,5,4,5,2,0,,,,,,,,2.5,2.5,1.25,3.75,4.83333333333333,5.25,4.75,1,0,0,0,0,0,0,0,1
16,1,3.2,2,2,2,3,5,4,5,2,3,2,1,1,2,4,1,1,4,4,3,2,1,2,4,4,4,3,2,3,2,2,2,0,2,1,2,6,4,5,6,5,4,6,4,3,3,3,5,3,5,5,6,5,5,3,5,4,4,3,5,2,6,2,6,3,4,500,500,600,500,500,500,500,1,1,1,0,444.536607884242,5,5,5,4,5,3,5,5,2,0,,,,,,,,2.5,1.75,2.5,3.25,4.33333333333333,4.75,4.5,2,0,0,0,0,1,0,0,0
9,1,3.1,2,4,3,3,2,4,3,4,3,4,4,2,3,4,2,3,4,4,1,2,4,4,4,3,3,2,3,4,1,16,16,4,2,1,1,6,3,5,5,5,5,4,4,5,5,5,7,4,4,4,5,4,5,5,5,5,4,5,5,3,5,3,4,5,4,500,500,500,500,500,500,500,1,1,1,0,444.536607884242,6,7,6,6,4,4,4,4,2,2,,,,,,,,3.25,3.25,2.5,3.5,4.6,6.25,4,2,0,0,0,0,1,0,0,0
11,1,3.1,2,3,2,4,5,4,3,3,2,3,4,4,4,4,2,3,4,4,4,3,3,3,4,4,3,4,3,3,1,14,10,3,2,1,2,6,5,4,5,5,7,5,5,5,4,4,5,5,5,6,4,4,4,5,4,5,6,3,6,4,6,5,3,4,6,600,600,500,500,600,500,500,600,1,1,0,444.536607884242,5,5,5,5,4,4,4,4,2,4,,,,,,,,3.25,3.25,3.5,3,4.83333333333333,5,4,2,0,0,0,0,1,0,0,0
9,1,3,2,4,2,3,3,2,2,3,3,3,3,3,2,3,2,3,3,3,2,2,2,3,3,3,3,3,2,2,1,16,16,5,2,1,2,5,4,4,4,4,4,3,4,4,4,3,4,4,4,4,4,4,4,4,4,3,3,3,4,4,5,4,4,4,4,600,600,600,400,600,400,400,600,0,0,1,364.41321217812,5,5,5,5,5,4,4,4,2,1,,,,,,,,2.5,2.75,3,2.5,3.9,5,4.25,2,0,0,0,0,1,0,0,0
11,1,3,2,3,1,4,1,4,1,2,1,4,5,1,4,5,2,1,2,4,3,2,3,4,2,3,1,2,2,4,1,10,14,2,2,1,2,7,5,7,5,4,6,1,5,6,5,5,7,4,7,5,1,3,7,6,6,2,6,3,5,3,5,5,6,4,4,600,600,500,600,600,500,500,600,1,1,0,444.536607884242,7,7,6,6,5,6,5,5,2,2,,,,,,,,3.25,3.25,1,2.75,4.83333333333333,6.5,5.25,2,0,0,0,0,1,0,0,0
11,1,3,1,2,3,2,4,2,3,1,5,3,2,4,4,4,1,3,4,4,3,2,2,2,3,2,3,3,4,3,1,14,10,3,2,1,2,4,3,5,4,4,3,3,3,4,2,3,5,3,2,5,1,3,3,3,4,6,5,4,3,3,4,3,4,3,5,500,500,600,500,500,500,500,1,1,1,0,444.536607884242,5,5,4,5,3,4,5,2,2,4,,,,,,,,2.25,1.5,4,3.25,3.56666666666667,4.75,3.5,2,0,0,0,0,0,0,0,1
8,1,3,2,3,4,4,1,5,5,4,1,4,2,1,5,5,2,1,4,4,3,2,2,3,4,4,4,3,2,4,2,16,16,0,2,1,1,7,7,5,7,7,5,7,7,7,6,6,7,6,7,7,7,5,7,6,7,6,5,7,7,4,7,7,7,7,7,500,600,500,500,500,500,500,1,1,1,0,444.536607884242,6,6,3,5,6,5,5,5,2,0,,,,,,,,3.75,3,1,4.5,6.46666666666667,5,5.25,2,0,0,0,0,1,0,0,0
10,1,3,4,3,1,4,4,3,1,4,2,4,5,2,4,1,4,1,4,2,4,4,1,2,4,4,3,3,2,1,2,14,10,0,2,2,2,7,5,7,6,7,6,6,5,6,5,3,4,5,5,5,7,6,5,4,6,5,6,4,7,1,7,6,7,4,5,500,300,400,300,300,300,300,0,0,0,2,284.289816471997,2,3,1,2,2,2,2,2,2,0,,,,,,,,3.5,4.25,2.25,1.75,5.4,2,2,2,0,0,1,0,0,0,0,0
11,1,3,2,4,2,4,4,3,4,4,2,4,4,3,4,2,4,2,4,4,3,3,2,3,4,4,3,4,3,2,2,14,10,1,2,2,2,7,6,5,6,6,7,7,6,5,3,5,6,6,7,6,6,6,3,5,6,6,6,6,7,5,7,6,6,5,6,500,600,300,600,500,300,300,1,0,0,1,284.289816471997,5,5,3,5,4,5,4,4,2,0,,,,,,,,3.25,4,2.75,3,5.8,4.5,4.25,2,0,0,0,0,1,0,0,0
11,1,3,4,5,2,4,2,4,2,4,1,3,4,1,4,2,2,2,4,4,4,4,1,3,4,3,4,3,4,4,2,16,16,1,2,1,2,7,6,5,5,7,5,3,7,6,5,5,7,5,6,6,7,5,6,5,7,5,5,6,7,4,7,6,7,7,6,600,600,500,500,600,500,500,600,1,1,0,444.536607884242,4,6,5,6,4,5,5,5,2,2,,,,,,,,4.25,3.5,1.5,2.25,5.83333333333333,5.25,4.75,2,0,0,1,0,0,0,0,0
11,1,3,4,3,1,3,5,5,1,5,2,3,5,1,5,3,3,1,4,4,4,4,1,4,4,4,2,2,4,4,2,16,16,0,2,2,2,7,7,7,7,7,7,7,6,7,7,7,7,7,6,7,6,6,4,5,7,6,7,4,7,7,7,7,6,4,7,500,270,270,200,270,200,200,0,0,0,2,204.166420765875,6,5,1,3,6,6,5,7,2,0,,,,,,,,4.25,4,2.25,2,6.43333333333333,3.75,6,2,0,0,1,0,0,0,0,0
11,1,2.9,2,4,1,4,4,2,1,4,4,4,2,1,4,4,1,2,4,4,4,3,2,4,3,3,3,4,2,4,1,16,16,3,2,1,2,7,6,7,6,6,5,6,7,6,4,5,7,4,6,6,7,5,5,4,4,6,6,3,6,4,6,6,5,7,6,600,600,500,300,600,300,300,600,0,0,1,284.289816471997,5,5,5,5,4,4,3,3,2,4,,,,,,,,3,2.75,2.75,2.5,5.6,5,3.5,2,0,0,0,0,1,0,0,0
11,1,2.9,4,2,2,4,4,3,3,3,3,3,3,2,4,3,2,2,3,3,3,4,3,3,3,4,4,3,2,3,1,14,10,1,2,1,1,6,5,4,5,5,5,7,5,4,4,5,6,4,6,7,4,3,6,4,6,5,5,5,4,3,5,6,4,6,4,500,500,600,500,500,500,500,1,1,1,0,444.536607884242,4,4,2,4,5,6,5,5,2,2,,,,,,,,3.25,3,2.75,2.75,4.93333333333333,3.5,5.25,2,0,0,0,0,0,0,0,1
11,1,2.9,4,4,3,4,2,4,2,4,2,4,4,2,4,4,4,4,4,4,4,4,4,3,4,2,2,4,2,3,1,4,8,6,1,1,2,7,6,5,6,6,4,3,6,4,6,3,7,2,5,6,6,6,6,5,5,4,4,4,4,6,3,4,4,3,3,500,500,600,500,500,500,500,1,1,1,0,444.536607884242,6,6,7,4,4,4,4,4,2,4,,,,,,,,4,4,2.5,3.25,4.76666666666667,5.75,4,2,0,0,1,0,0,0,0,0
0,2,2.9,4,4,2,2,4,3,2,2,4,3,4,2,4,4,2,4,4,4,3,2,2,1,4,2,2,3,1,3,2,10,14,0,2,2,2,6,5,4,5,7,5,4,5,5,6,4,6,3,2,4,4,3,5,4,4,5,6,3,4,4,6,7,5,5,3,500,500,500,500,500,500,500,1,1,1,0,444.536607884242,4,4,3,5,5,5,5,4,2,0,,,,,,,,3.75,2.5,3.5,2.75,4.63333333333333,4,4.75,2,0,0,0,0,0,0,0,1
11,1,2.9,4,1,3,2,2,4,5,4,2,2,3,1,3,2,2,2,3,3,1,3,1,1,3,3,4,3,3,3,2,10,14,0,2,1,2,5,3,4,5,6,6,5,3,4,3,6,5,3,4,2,5,3,4,5,3,3,5,2,5,2,5,3,4,3,5,500,500,600,500,500,500,500,1,1,1,0,444.536607884242,4,4,4,4,5,4,5,3,2,0,,,,,,,,3,2.75,1.75,3,4.03333333333333,4,4.25,1,0,0,0,0,0,0,0,1
11,1,2.9,2,2,3,2,4,1,4,4,5,3,3,3,2,3,3,4,4,4,3,3,2,3,4,3,2,4,3,3,2,10,14,3,1,1,2,5,4,3,4,3,5,3,4,3,3,3,4,4,4,5,3,3,3,4,5,5,5,3,5,4,6,3,3,3,3,600,600,500,500,600,500,500,600,1,1,0,444.536607884242,6,6,6,7,5,5,5,5,2,4,,,,,,,,1.75,3,4,3.25,3.83333333333333,6.25,5,2,0,0,0,0,1,0,0,0
11,1,2.8,1,4,4,4,5,4,4,4,4,4,5,4,4,4,3,4,4,4,4,3,2,3,4,3,3,4,2,3,1,10,14,3,2,1,2,6,5,6,5,5,5,4,4,5,5,5,5,5,6,6,5,6,5,6,7,5,6,4,6,6,6,6,5,4,5,500,370,330,500,370,330,330,0,0,0,2,308.326835183838,7,6,5,5,7,5,6,5,2,2,,,,,,,,3.25,4,4.25,4,5.3,5.75,5.75,2,0,0,0,0,1,0,0,0
11,1,2.8,5,5,1,4,5,1,1,5,5,5,5,2,1,1,1,2,3,3,4,3,1,1,3,4,4,4,3,2,1,16,16,1,2,1,2,6,7,4,7,5,5,7,7,5,2,7,4,6,7,7,1,5,7,6,5,6,6,4,6,2,5,6,4,3,7,600,400,600,400,400,400,400,0,0,0,2,364.41321217812,4,5,2,4,5,4,5,5,2,2,,,,,,,,3,3.75,3.5,2,5.3,3.75,4.75,2,0,0,1,0,0,0,0,0
0,2,2.8,1,3,1,4,5,3,4,1,1,3,5,5,2,5,2,5,4,2,4,4,1,1,4,2,3,4,3,3,2,2,2,0,2,1,1,7,6,5,4,3,5,6,1,4,7,6,7,5,6,4,7,6,7,5,6,3,6,1,5,6,6,3,6,2,4,500,270,230,270,270,230,230,0,0,0,2,228.203439477715,4,5,1,3,5,3,3,4,2,0,,,,,,,,2.25,3,4,3.25,4.96666666666667,3.25,3.75,2,0,0,1,0,0,0,0,0
0,2,2.8,2,5,3,3,4,2,3,4,4,5,4,4,3,5,3,3,3,4,3,3,1,2,3,4,3,4,3,3,2,4,8,0,2,2,2,6,5,5,4,5,5,4,4,5,2,4,6,5,5,5,5,4,5,5,5,5,5,2,6,4,6,4,5,4,5,600,600,600,500,600,500,500,600,1,1,0,444.536607884242,2,4,1,2,4,4,4,3,2,0,,,,,,,,3,3.5,3.75,4,4.66666666666667,2.25,3.75,2,0,0,0,0,0,0,0,1
11,1,2.7,3,2,4,3,4,3,4,3,4,4,4,4,3,3,3,5,4,4,4,4,2,2,4,4,4,2,2,2,1,10,14,3,1,2,2,5,5,5,5,4,4,6,3,4,5,5,5,5,5,6,6,4,5,5,5,3,4,3,7,4,5,4,4,3,5,500,500,600,500,500,500,500,1,1,1,0,444.536607884242,5,4,5,4,4,4,3,3,2,2,,,,,,,,2.75,3.25,4.25,3.75,4.63333333333333,4.5,3.5,1,0,0,1,0,0,0,0,0
11,1,2.7,1,5,2,2,4,2,4,2,1,2,4,4,4,5,2,2,3,2,4,2,1,3,3,3,3,4,1,2,1,16,16,1,2,1,2,5,5,6,3,6,5,3,5,4,7,3,5,1,2,5,3,2,6,5,3,6,7,3,5,2,6,3,5,1,4,600,600,500,500,600,500,500,600,1,1,0,444.536607884242,3,5,5,5,5,3,6,4,2,2,,,,,,,,3,2.5,2.75,3.25,4.2,4.5,4.5,2,0,0,0,0,0,0,0,1
11,1,2.7,2,3,3,2,4,3,5,5,4,3,5,2,3,4,2,4,4,4,4,4,3,4,4,4,4,3,2,4,1,16,16,5,1,1,2,6,6,6,6,5,7,2,5,6,5,5,6,4,4,4,5,6,5,6,5,6,6,5,6,4,6,6,6,6,7,600,600,170,600,600,170,170,600,0,0,1,180.129402054054,7,7,7,7,6,6,5,5,2,4,,,,,,,,2.75,3.5,3.5,3.75,5.4,7,5.5,2,0,0,1,0,0,0,0,0
11,1,2.7,4,2,2,2,2,2,2,2,4,3,2,3,4,4,1,4,4,4,4,4,2,2,4,4,4,3,1,3,1,10,14,5,2,1,2,6,5,6,5,4,4,5,4,5,3,3,5,3,4,4,6,4,3,4,5,5,5,2,6,4,6,5,4,6,5,500,600,400,600,500,400,400,1,0,0,1,364.41321217812,4,4,5,4,5,5,5,5,2,4,,,,,,,,3,1.75,3.25,2.75,4.53333333333333,4.25,5,2,0,0,1,0,0,0,0,0
11,1,2.7,2,3,3,2,4,4,3,3,4,3,4,3,5,4,2,2,3,4,3,4,3,3,3,3,4,4,2,3,1,4,8,3,1,1,2,7,6,5,6,6,6,3,6,6,5,5,7,5,7,6,6,3,5,6,5,7,5,4,7,4,5,4,6,5,5,500,500,270,500,500,270,270,1,0,0,1,260.252797760176,6,6,5,6,4,4,4,4,2,4,,,,,,,,3.5,2.75,3.25,3.25,5.43333333333333,5.75,4,2,0,0,0,0,1,0,0,0
11,1,2.7,3,3,2,2,2,3,5,5,5,5,1,2,1,1,3,5,2,4,4,4,2,2,1,4,3,2,4,3,1,10,14,4,2,1,2,5,7,5,6,6,5,6,7,5,6,6,6,4,6,6,3,6,6,7,5,6,4,5,5,7,6,5,5,4,6,500,300,270,300,300,270,270,0,0,0,2,260.252797760176,5,4,4,5,5,6,4,4,2,2,,,,,,,,2.5,2.75,3.5,3.25,5.53333333333333,4.5,4.75,2,0,0,1,0,0,0,0,0
11,1,2.7,3,4,3,4,2,3,2,4,3,2,4,2,3,5,3,4,4,4,4,3,3,3,4,4,4,4,3,3,2,16,16,1,2,1,2,6,7,4,7,7,6,5,7,5,6,4,5,6,7,6,7,4,4,5,5,7,7,6,7,4,7,7,7,4,5,400,330,100,330,330,100,100,0,0,0,2,124.043025059752,6,6,6,6,6,5,5,6,2,0,,,,,,,,3.25,3.75,2.75,3,5.8,6,5.5,2,0,0,0,0,1,0,0,0
11,1,2.7,4,2,2,4,3,4,3,3,3,3,4,1,5,3,4,2,3,4,2,2,3,2,3,3,3,4,3,3,2,16,16,5,1,2,2,7,6,6,5,5,6,6,6,5,6,5,5,4,6,5,6,5,5,5,5,6,5,5,6,4,6,5,5,6,5,500,500,370,500,500,370,370,1,0,0,1,340.376193466299,6,7,6,6,5,5,5,6,2,5,,,,,,,,3.75,3.75,2.25,2.75,5.4,6.25,5.25,2,0,0,0,0,1,0,0,0
12,1,2.7,3,3,4,3,2,4,5,1,3,4,2,2,5,5,1,2,4,4,4,4,1,1,4,4,4,4,3,4,2,10,14,3,2,2,2,5,7,6,6,7,7,5,6,6,4,5,7,5,6,7,6,3,3,7,6,6,6,2,6,3,6,7,3,4,6,500,500,500,500,500,500,500,1,1,1,0,444.536607884242,4,5,4,4,2,3,3,2,2,2,,,,,,,,3.75,1.75,2.25,4.5,5.43333333333333,4.25,2.5,1,0,0,1,0,0,0,0,0
10,1,2.6,4,1,1,3,4,4,2,3,2,2,2,4,5,2,2,2,3,3,2,2,3,1,3,4,4,3,4,3,1,10,14,4,2,1,1,6,4,2,4,4,5,1,6,6,6,6,2,4,5,6,1,4,6,6,6,6,3,4,5,2,5,4,4,3,3,270,300,100,300,270,100,100,0,0,0,2,124.043025059752,5,7,3,5,5,5,6,4,2,2,,,,,,,,3.5,2.5,3,1.75,4.3,5,5,2,0,0,0,0,1,0,0,0
10,1,2.6,4,2,5,3,2,4,4,1,2,4,4,4,4,5,4,1,4,4,4,4,2,2,4,4,4,4,3,4,1,14,10,3,2,1,2,3,3,3,3,3,3,4,3,3,2,4,4,3,3,2,3,4,2,2,4,3,3,4,2,6,3,4,3,4,4,500,270,230,270,270,230,230,0,0,0,2,228.203439477715,5,6,4,6,5,5,6,5,2,2,,,,,,,,3.5,3,2.25,4.5,3.23333333333333,5.25,5.25,2,0,0,0,0,1,0,0,0
11,1,2.6,2,2,2,3,3,2,3,3,4,4,4,2,3,2,1,3,4,4,4,3,2,3,4,3,2,4,4,3,1,14,10,5,2,1,2,6,6,5,6,6,5,1,6,5,5,3,6,5,6,6,5,2,5,7,5,6,6,4,5,5,5,3,4,3,4,500,500,500,500,500,500,500,1,1,1,0,444.536607884242,6,7,6,6,5,5,5,5,2,4,,,,,,,,2.25,2.75,3,2.75,4.86666666666667,6.25,5,2,0,0,0,0,1,0,0,0
11,1,2.6,2,5,3,2,4,2,2,4,5,2,5,3,4,1,1,4,4,4,3,4,2,3,4,4,3,4,3,2,1,10,14,3,2,1,2,3,7,3,5,6,3,2,7,3,5,5,4,3,3,3,3,3,6,6,4,7,5,6,5,2,6,7,5,3,3,500,330,270,330,330,270,270,0,0,0,2,260.252797760176,7,6,7,7,6,5,6,5,2,2,,,,,,,,3.25,3,4,2,4.43333333333333,6.75,5.5,2,0,0,0,0,1,0,0,0
11,1,2.6,2,4,3,4,3,4,3,4,1,5,5,2,3,4,3,2,3,4,3,3,2,2,3,3,3,4,2,3,1,10,14,1,2,2,2,5,6,6,7,6,7,5,6,7,7,7,6,7,7,7,5,4,6,6,6,6,7,3,7,4,7,5,6,6,6,500,500,600,500,500,500,500,1,1,1,0,444.536607884242,4,4,4,4,4,5,5,5,2,0,,,,,,,,3.25,4,2,3.75,6,4,4.75,1,0,0,0,1,0,0,0,0
0,2,2.6,2,2,4,5,5,5,5,5,4,4,5,4,4,4,4,5,4,2,3,4,1,1,4,4,4,3,2,4,2,10,14,0,2,1,1,7,6,6,7,7,3,3,6,7,7,7,7,7,6,6,7,5,4,7,7,5,6,5,7,5,7,7,6,6,7,500,500,600,500,500,500,500,1,1,1,0,444.536607884242,1,3,1,2,5,5,5,5,2,0,,,,,,,,3.25,4.75,4.5,4.25,6.1,1.75,5,1,0,0,0,0,0,0,0,1
16,1,2.6,2,4,1,3,2,4,5,4,2,2,5,2,4,3,2,2,4,4,4,4,4,4,4,3,4,2,2,4,2,16,16,1,2,1,2,6,6,5,6,6,5,5,6,6,4,3,6,5,6,6,3,4,5,5,5,5,6,5,5,3,7,5,3,6,5,400,600,230,500,400,230,230,0,0,0,2,228.203439477715,6,6,7,6,6,5,6,5,2,0,,,,,,,,3.5,3.5,2,2.75,5.1,6.25,5.5,2,0,0,1,0,0,0,0,0
11,1,2.5,2,2,2,4,4,4,2,4,4,4,2,2,3,4,4,4,4,4,4,3,2,2,3,4,2,4,2,4,1,10,14,3,2,2,2,7,7,5,7,4,6,6,6,6,6,7,7,5,6,6,7,5,2,5,6,6,6,5,7,2,6,6,5,3,7,500,500,370,500,500,370,370,1,0,0,1,340.376193466299,5,7,3,6,4,3,3,5,2,4,,,,,,,,2.75,3.5,3.5,3,5.63333333333333,5.25,3.75,2,0,0,0,0,1,0,0,0
11,1,2.5,4,2,2,2,3,4,2,4,4,3,2,3,3,1,2,4,4,3,4,3,2,3,4,4,4,4,3,3,1,14,10,5,2,1,2,5,3,4,4,4,4,4,3,4,5,5,5,4,4,3,5,5,5,5,5,3,4,2,5,5,6,4,6,4,4,500,200,200,200,200,200,200,0,0,0,2,204.166420765875,6,6,5,6,5,4,5,4,2,4,,,,,,,,3.25,2.5,3.5,2,4.3,5.75,4.5,2,0,0,0,0,1,0,0,0
11,1,2.5,2,4,2,4,1,2,4,4,2,4,2,2,4,2,2,1,3,4,3,1,3,3,3,4,4,3,4,3,1,16,16,3,1,1,2,5,3,5,5,5,5,2,5,5,4,5,5,5,7,6,6,4,2,6,5,6,3,5,4,4,5,5,5,6,5,400,200,600,200,200,200,200,0,0,0,2,204.166420765875,6,7,6,6,6,6,6,5,2,4,,,,,,,,3,3,1.5,3,4.76666666666667,6.25,5.75,2,0,0,0,0,1,0,0,0
9,1,2.5,1,3,1,3,5,2,1,5,2,1,3,5,3,1,3,5,4,4,4,4,1,1,4,4,4,4,4,2,2,2,2,0,2,2,2,7,5,2,4,7,7,7,7,1,7,4,7,7,7,7,7,7,7,4,7,7,3,4,7,7,7,5,7,7,4,500,500,370,500,500,370,370,1,0,0,1,340.376193466299,5,5,4,3,5,3,5,3,2,0,,,,,,,,2.25,3.5,4.25,1,5.86666666666667,4.25,4,2,0,0,1,0,0,0,0,0
10,1,2.5,1,5,1,3,5,2,4,4,4,3,4,5,2,2,2,3,3,4,3,2,3,3,4,3,1,4,3,3,2,14,10,7,1,1,2,6,6,6,7,6,6,5,5,5,2,5,6,5,6,6,4,5,6,6,7,6,7,3,6,4,6,5,4,6,6,500,370,270,500,370,270,270,0,0,0,2,260.252797760176,6,6,6,6,5,3,4,3,2,5,,,,,,,,2.5,3.25,4.25,2.5,5.43333333333333,6,3.75,2,0,0,0,0,1,0,0,0
11,1,2.5,3,4,3,3,4,4,2,4,3,3,4,2,4,4,1,1,4,3,2,3,1,1,4,4,4,3,3,3,2,4,8,0,2,1,2,7,2,5,5,4,5,5,3,6,5,4,6,2,2,2,7,5,4,4,5,4,5,3,4,5,5,3,6,5,4,500,500,600,500,500,500,500,1,1,1,0,444.536607884242,4,4,1,4,5,6,5,5,2,0,,,,,,,,3.75,3,2.5,3,4.4,3.25,5.25,2,0,0,1,0,0,0,0,0
11,1,2.5,2,4,2,4,2,2,2,2,2,4,4,3,2,3,1,2,4,4,3,3,1,2,4,3,3,3,1,2,2,14,10,2,2,1,1,5,3,3,3,3,3,5,4,4,3,3,4,3,4,4,4,4,3,5,6,3,3,2,3,3,4,4,4,4,3,600,500,600,500,500,500,500,1,1,1,0,444.536607884242,4,5,2,5,4,5,5,4,2,0,,,,,,,,2.5,2.75,2.25,2.75,3.63333333333333,4,4.5,2,0,0,0,0,1,0,0,0
11,1,2.5,2,4,1,2,4,2,1,4,2,2,3,2,5,2,1,2,3,4,3,4,3,3,3,4,3,3,2,3,2,16,16,1,2,1,2,6,7,4,7,7,5,4,7,5,3,6,4,5,5,5,3,3,6,5,5,7,6,5,6,3,5,6,5,4,7,500,170,270,170,170,170,170,0,0,0,2,180.129402054054,4,5,4,5,5,5,5,6,2,0,,,,,,,,3.25,2.5,2.5,1.5,5.2,4.5,5.25,2,0,0,1,0,0,0,0,0
11,1,2.4,5,2,1,3,3,4,2,3,2,5,2,3,4,4,2,2,3,4,3,3,2,3,3,2,3,3,2,2,1,10,14,1,2,2,2,6,5,4,4,4,5,1,5,5,6,6,7,5,5,3,5,5,5,5,7,5,5,3,6,4,6,4,4,5,6,500,600,500,500,500,500,500,1,1,1,0,444.536607884242,4,4,4,4,4,4,3,3,2,2,,,,,,,,3.75,2.5,2.5,3,4.86666666666667,4,3.5,2,0,0,0,0,0,0,0,1
11,1,2.4,1,2,2,2,5,2,4,2,4,1,2,5,3,1,1,3,3,4,4,4,2,2,3,3,3,4,3,2,1,10,14,3,1,1,2,5,3,1,3,3,3,5,3,5,5,3,3,2,4,4,5,4,5,5,3,3,3,3,4,3,3,3,3,2,5,500,500,500,500,500,500,500,1,1,1,0,444.536607884242,4,5,3,4,5,5,4,4,2,4,,,,,,,,2,1.75,4.25,2,3.53333333333333,4,4.5,2,0,0,0,0,1,0,0,0
11,1,2.4,2,4,2,4,3,4,2,2,3,5,4,2,4,3,4,3,3,4,3,2,2,3,3,4,4,3,4,3,1,16,16,3,2,1,2,6,6,5,6,6,6,3,6,5,4,5,5,6,5,5,5,4,4,6,5,6,5,5,5,3,6,7,5,5,5,500,130,200,500,130,200,130,0,0,0,2,148.080043771593,4,4,2,4,6,5,5,5,2,2,,,,,,,,3.5,3.5,2.75,3,5.16666666666667,3.5,5.25,2,0,0,0,0,1,0,0,0
11,1,2.4,2,3,2,5,4,2,4,5,5,2,4,4,5,5,4,5,3,4,3,4,3,2,4,3,3,4,3,4,1,10,14,1,2,1,2,6,6,6,5,5,6,7,6,5,7,6,6,5,6,6,7,5,7,5,5,5,6,4,5,4,5,3,6,3,5,500,500,500,500,500,500,500,1,1,1,0,444.536607884242,5,6,5,4,4,5,4,4,2,2,,,,,,,,3,4.5,4.5,3.25,5.43333333333333,5,4.25,1,0,0,0,0,0,0,0,1
11,1,2.4,2,4,1,2,3,2,2,4,3,2,4,2,3,4,4,2,3,4,4,3,1,3,4,3,3,4,3,3,2,16,16,0,2,1,2,4,5,4,5,5,6,5,5,4,3,5,5,5,5,6,5,4,4,4,5,5,4,4,5,1,6,5,4,4,6,370,330,100,330,330,100,100,0,0,0,2,124.043025059752,4,4,1,4,5,5,5,4,2,0,,,,,,,,2.75,3.5,2.5,2.25,4.6,3.25,4.75,2,0,0,0,0,0,0,0,1
11,1,2.4,4,3,2,2,2,4,5,5,3,3,4,2,4,4,1,1,4,4,4,2,1,1,4,4,4,4,1,3,2,10,14,0,2,2,2,6,4,4,5,5,6,3,5,5,6,4,6,2,5,2,6,6,6,3,4,6,7,1,3,3,5,2,6,6,5,600,600,500,600,600,500,500,600,1,1,0,444.536607884242,4,4,1,4,3,4,2,4,2,0,,,,,,,,3.75,3,2,3.5,4.56666666666667,3.25,3.25,2,0,0,0,0,0,0,0,1
11,1,2.4,2,2,2,4,5,2,2,4,3,2,5,3,4,5,3,2,4,4,3,2,3,3,4,4,3,4,3,3,2,16,16,3,1,1,2,7,6,5,5,5,5,6,4,7,5,5,7,6,6,7,6,5,6,5,6,5,5,5,6,5,6,5,5,6,6,500,270,270,270,270,270,270,0,0,0,2,260.252797760176,6,5,4,5,6,5,6,6,2,5,,,,,,,,2.5,4,3.25,2.75,5.6,5,5.75,2,0,0,0,0,1,0,0,0
6,1,2.3,1,4,1,4,4,3,5,2,5,3,2,4,5,5,2,1,4,4,4,3,3,3,3,3,4,3,2,3,1,14,10,3,2,1,2,7,4,7,5,5,6,5,4,5,6,7,7,3,6,4,5,4,6,3,5,6,6,3,7,6,6,5,5,6,3,600,600,330,600,600,330,330,600,0,0,1,308.326835183838,5,5,6,5,6,5,5,6,2,2,,,,,,,,3.25,2.5,3.5,3.5,5.23333333333333,5.25,5.5,2,0,0,0,0,1,0,0,0
11,1,2.3,4,2,1,2,5,4,1,5,3,2,2,4,4,2,2,2,3,4,3,1,2,2,4,3,3,4,3,2,1,8,4,4,1,1,2,5,6,5,3,5,5,1,5,4,5,5,4,5,5,4,2,4,3,3,5,5,4,6,4,1,5,5,2,3,4,600,600,230,500,600,230,230,600,0,0,1,228.203439477715,5,5,5,4,4,3,4,5,2,4,,,,,,,,3.5,2.75,3.5,1.5,4.1,4.75,4,2,0,0,0,1,0,0,0,0
11,1,2.3,2,3,2,4,1,3,3,4,2,4,3,2,4,3,2,2,4,4,3,3,3,3,4,3,3,3,4,3,1,16,16,3,2,1,2,5,6,4,6,5,6,2,7,6,4,4,5,4,5,4,3,4,4,4,4,5,4,6,4,4,4,6,3,5,6,500,600,500,500,500,500,500,1,1,1,0,444.536607884242,5,6,5,6,5,5,5,5,2,4,,,,,,,,3,3.25,1.75,3,4.63333333333333,5.5,5,2,0,0,0,0,1,0,0,0
11,1,2.3,4,1,3,4,3,5,5,2,1,3,2,1,5,4,4,1,4,4,2,2,1,2,4,3,3,4,4,3,1,16,16,5,2,1,2,7,6,6,6,4,7,1,6,6,6,6,4,5,6,5,5,4,6,5,5,6,6,6,5,4,6,6,5,5,4,500,500,500,500,500,500,500,1,1,1,0,444.536607884242,5,7,5,6,5,6,5,5,2,4,,,,,,,,3.75,3,1.5,3.75,5.3,5.75,5.25,2,0,0,0,0,1,0,0,0
8,1,2.3,2,4,4,2,3,2,4,2,4,4,4,4,4,4,1,3,3,4,2,2,2,1,4,2,3,3,2,3,2,16,16,0,2,1,1,6,6,5,4,5,3,3,5,2,4,3,6,5,3,7,3,3,4,5,4,6,4,5,6,2,7,5,3,5,6,600,600,100,600,600,100,100,600,0,0,1,124.043025059752,5,5,2,4,6,5,4,4,2,0,,,,,,,,3,2.25,3.5,4,4.5,4,4.75,1,0,0,0,0,1,0,0,0
10,1,2.3,2,4,3,2,5,4,2,3,4,4,2,4,4,4,1,3,4,4,3,2,2,3,3,3,3,3,3,3,2,14,10,3,1,2,2,5,2,5,5,3,6,6,3,5,4,3,5,2,5,5,6,3,4,6,3,4,3,1,5,4,5,5,4,3,4,500,330,230,500,330,230,230,0,0,0,2,228.203439477715,5,5,4,4,4,4,3,4,2,5,,,,,,,,3.5,2,4,3.25,4.13333333333333,4.5,3.75,2,0,0,0,0,0,0,0,1
11,1,2.3,1,4,2,3,5,2,5,2,5,4,4,4,3,5,2,4,3,4,2,2,1,3,3,4,2,3,4,3,2,10,14,1,2,2,2,7,3,4,5,6,5,6,5,5,5,2,5,3,6,3,6,5,5,5,5,3,5,2,5,1,7,6,7,1,4,500,500,600,500,500,500,500,1,1,1,0,444.536607884242,4,5,1,5,6,6,6,5,2,0,,,,,,,,2.5,2.75,4.5,4,4.56666666666667,3.75,5.75,1,0,0,0,0,0,0,0,1
16,1,2.3,2,3,2,3,4,2,3,1,2,3,3,3,4,5,2,2,4,4,4,4,3,3,4,3,2,3,2,3,2,10,14,6,1,2,2,3,5,5,5,6,3,3,5,6,5,3,5,5,5,6,2,1,5,6,5,6,3,5,3,1,5,3,2,5,5,500,500,330,500,500,330,330,1,0,0,1,308.326835183838,5,6,5,6,5,5,5,4,2,7,,,,,,,,2.75,2.25,2.75,3.25,4.23333333333333,5.5,4.75,2,0,0,1,0,0,0,0,0
10,1,2.2,2,4,4,3,4,4,4,4,2,4,4,2,4,4,4,5,4,4,2,2,2,3,3,3,4,3,3,3,1,14,10,5,2,1,1,5,4,4,5,4,5,4,5,6,5,6,5,6,5,6,5,4,5,4,4,5,5,5,6,3,5,5,5,4,4,270,600,600,600,270,600,270,0,600,0,1,463.406454730254,5,5,4,4,6,6,6,6,2,2,,,,,,,,3.5,3.75,3.25,4,4.8,4.5,6,1,0,0,0,0,0,0,0,0
11,1,2.2,5,1,4,3,4,5,5,3,2,4,3,3,4,4,1,3,4,4,3,3,2,2,4,4,4,3,3,3,2,4,8,3,1,1,2,5,4,5,4,4,5,3,5,3,6,3,4,3,5,4,5,3,6,6,7,4,5,3,6,1,5,5,5,6,4,370,600,170,600,370,170,170,0,0,0,2,180.129402054054,6,6,5,6,5,5,4,5,2,4,,,,,,,,3.75,2.5,3,4.25,4.46666666666667,5.75,4.75,2,0,0,0,0,1,0,0,0
6,1,2.1,2,2,2,1,5,4,4,4,2,2,1,3,3,5,1,3,4,4,4,4,2,2,4,4,4,4,3,3,1,16,16,4,2,1,2,7,5,6,7,5,6,5,7,3,3,4,5,6,7,5,7,4,3,7,6,5,5,3,7,4,7,3,7,4,6,600,600,500,500,600,500,500,600,1,1,0,444.536607884242,6,6,6,6,6,6,6,6,2,3,,,,,,,,2.75,1.75,3.25,3.25,5.3,6,6,2,0,0,0,0,1,0,0,0
9,1,2.1,2,3,1,3,4,3,4,5,3,3,4,5,5,2,2,1,4,4,3,3,2,2,3,4,4,3,1,3,1,16,16,4,2,1,2,6,3,6,6,7,5,7,4,7,6,3,7,7,7,7,4,2,7,3,7,3,5,3,5,1,5,5,2,6,1,500,500,500,500,500,500,500,1,1,1,0,444.536607884242,6,6,5,5,5,3,4,4,2,3,,,,,,,,3.25,3.5,3.25,2.5,4.9,5.5,4,2,0,0,0,0,1,0,0,0
10,1,2.1,3,2,4,1,4,2,4,3,4,3,2,3,5,4,1,2,3,4,3,4,2,3,2,4,3,4,3,3,1,16,16,6,2,2,2,7,6,5,6,6,6,6,5,5,5,4,7,6,6,7,7,7,5,6,6,6,5,6,6,3,6,5,7,2,5,500,500,500,500,500,500,500,1,1,1,0,444.536607884242,5,6,5,6,3,4,3,3,2,2,,,,,,,,3,1.75,3.25,3.75,5.63333333333333,5.5,3.25,2,0,0,1,0,0,0,0,0
10,1,2.1,1,5,2,4,2,2,3,4,4,4,4,2,2,4,3,2,4,4,3,4,2,2,3,3,2,3,4,3,1,16,16,3,2,1,1,6,6,4,5,6,5,5,5,4,3,4,5,5,5,7,3,4,5,5,5,5,3,3,4,4,6,5,3,5,5,300,600,130,600,300,130,130,0,0,0,2,148.080043771593,5,5,4,4,6,5,5,6,2,3,,,,,,,,2.5,3.75,2.5,3.25,4.66666666666667,4.5,5.5,2,0,0,1,0,0,0,0,0
11,1,2.1,2,2,5,2,5,2,5,4,4,5,2,4,3,4,1,3,4,4,4,4,4,4,4,4,4,4,3,4,1,16,16,2,2,1,2,7,7,5,7,7,7,7,7,5,4,3,7,4,6,6,6,5,6,6,5,7,5,6,7,4,7,7,5,6,5,400,600,170,600,400,170,170,0,0,0,2,180.129402054054,6,7,6,5,5,5,5,4,2,4,,,,,,,,2.25,2.25,4,4.75,5.86666666666667,6,4.75,2,0,0,0,0,1,0,0,0
11,1,2.1,2,2,5,3,5,4,5,4,5,2,4,4,5,5,2,3,2,3,3,2,3,3,2,4,3,4,1,2,1,10,14,4,2,1,2,3,7,5,4,5,2,6,7,5,7,2,4,5,6,4,1,5,7,3,6,5,5,3,6,6,6,7,1,5,5,500,500,600,500,500,500,500,1,1,1,0,444.536607884242,5,5,5,4,5,3,4,3,2,4,,,,,,,,3.25,3.25,4.25,4.25,4.76666666666667,4.75,3.75,2,0,0,0,0,0,0,0,1
11,1,2.1,2,5,1,4,1,3,2,4,2,4,2,3,4,4,1,2,4,4,3,4,2,3,4,4,4,3,2,3,2,16,16,2,2,2,1,7,5,7,7,7,7,7,5,7,5,5,7,7,7,7,7,5,7,5,5,5,7,1,5,7,7,3,7,7,7,500,500,600,500,500,500,500,1,1,1,0,444.536607884242,5,6,3,5,5,6,6,6,2,0,,,,,,,,3.5,2.75,2,2.75,6.06666666666667,4.75,5.75,2,0,0,0,0,1,0,0,0
11,1,2.1,3,2,2,2,2,4,4,3,3,3,4,2,4,4,2,1,4,4,3,3,3,3,4,4,3,4,3,3,2,16,16,3,1,1,2,7,5,4,5,5,4,1,4,5,6,6,7,5,5,4,7,4,6,5,5,5,5,3,4,4,5,5,5,6,5,500,500,400,500,500,400,400,1,0,0,1,364.41321217812,6,6,5,5,5,5,5,5,2,4,,,,,,,,3.25,2.75,2,3.25,4.9,5.5,5,2,0,0,0,0,1,0,0,0
16,1,2.1,2,5,1,4,3,1,3,1,4,2,3,3,4,4,2,2,3,4,2,1,3,3,3,4,2,3,3,4,2,14,10,2,1,1,1,5,5,4,6,7,3,7,4,4,1,3,5,2,3,4,6,3,3,5,4,3,4,1,5,3,5,5,5,5,5,400,600,200,600,400,200,200,0,0,0,2,204.166420765875,5,5,5,5,5,5,6,5,2,4,,,,,,,,3,2.5,3,2.5,4.16666666666667,5,5.25,2,0,0,0,0,1,0,0,0
11,1,2,2,4,3,4,4,4,2,4,1,4,5,3,3,3,4,4,4,4,4,4,3,3,4,4,3,4,2,3,1,2,2,3,2,1,2,7,6,6,6,5,6,7,6,7,5,7,6,4,7,6,7,6,4,6,6,6,5,4,7,5,7,5,7,5,6,500,400,270,400,400,270,270,0,0,0,2,260.252797760176,5,6,5,6,6,4,5,4,2,4,,,,,,,,3.25,4.25,3,3,5.9,5.5,4.75,2,0,0,1,0,0,0,0,0
11,1,2,2,4,1,3,4,5,2,4,5,4,4,4,4,2,3,4,4,4,4,3,2,3,3,3,4,3,3,2,1,8,4,3,2,1,2,6,3,4,3,6,5,5,3,3,5,4,5,5,4,4,5,4,5,5,5,7,4,1,5,5,6,3,5,5,6,600,600,170,600,600,170,170,600,0,0,1,180.129402054054,5,5,4,5,4,4,5,3,2,4,,,,,,,,3.75,3.5,4.25,2.25,4.53333333333333,4.75,4,2,0,0,0,0,1,0,0,0
1,1,2,4,2,2,4,3,3,3,5,3,3,4,3,4,3,3,5,4,4,4,4,2,3,4,4,4,3,2,3,2,16,16,1,2,1,1,7,4,5,5,6,6,4,6,5,6,6,7,6,5,6,7,6,6,6,5,6,5,2,5,7,7,6,7,6,5,400,370,230,230,370,230,230,0,0,0,2,228.203439477715,6,7,4,6,6,6,6,6,2,0,,,,,,,,3.25,4,3.5,2.75,5.66666666666667,5.75,6,2,0,0,1,0,0,0,0,0
10,1,2,2,4,4,4,5,2,3,2,5,5,5,4,3,2,3,4,4,4,4,4,2,3,4,4,3,3,3,3,2,8,4,5,1,1,2,6,5,3,5,5,3,5,6,5,3,3,4,7,5,7,4,5,6,4,7,6,7,3,6,3,6,5,2,7,5,500,230,170,230,230,170,170,0,0,0,2,180.129402054054,5,6,5,6,5,5,4,5,2,4,,,,,,,,2.75,3.5,4.5,3.5,4.93333333333333,5.5,4.75,1,0,0,0,0,1,0,0,0
11,1,2,3,4,2,3,4,4,3,4,3,2,3,1,4,3,5,5,3,4,3,3,3,3,3,4,4,3,3,2,2,10,14,4,1,2,2,5,5,2,5,5,3,4,5,5,4,5,4,4,6,6,5,4,3,5,5,5,5,3,6,3,5,5,4,5,4,600,370,170,370,370,170,170,0,0,0,2,180.129402054054,5,5,5,6,5,5,5,4,2,4,,,,,,,,3.75,3.75,3.25,2.5,4.5,5.25,4.75,2,0,0,0,0,0,0,0,1
11,1,2,1,3,3,3,4,2,2,3,4,3,4,4,4,3,3,2,4,4,4,4,2,2,4,3,3,2,2,3,2,16,16,0,2,1,2,5,5,2,4,5,5,1,5,4,4,5,4,6,6,4,1,2,5,4,5,6,5,4,3,2,7,5,1,3,5,500,600,600,600,500,600,500,1,600,1,0,463.406454730254,4,4,1,4,5,4,5,5,2,0,,,,,,,,2.5,3.25,3.5,2.75,4.1,3.25,4.75,2,0,0,1,0,0,0,0,0
11,1,2,3,4,2,3,2,4,3,4,2,4,4,3,4,3,2,2,3,4,3,3,3,3,4,3,3,2,3,3,2,16,16,6,1,1,2,7,5,3,5,6,5,6,4,5,4,4,6,4,5,5,6,4,6,5,6,6,5,5,5,4,6,4,7,4,5,370,600,130,600,370,130,130,0,0,0,2,148.080043771593,6,6,6,5,5,6,5,5,2,5,,,,,,,,3.75,3.25,2.25,3,5.06666666666667,5.75,5.25,2,0,0,0,0,1,0,0,0
11,1,2,1,5,1,1,5,1,5,1,4,5,1,5,5,4,1,2,4,4,4,4,1,1,4,4,4,4,2,3,2,16,16,1,2,1,2,6,2,2,2,1,6,2,2,1,3,3,5,6,2,6,6,1,5,5,3,3,2,3,5,1,7,2,5,6,3,500,400,500,500,400,500,400,0,1,0,1,364.41321217812,5,5,2,5,6,5,3,6,2,2,,,,,,,,3,1,4,3.75,3.53333333333333,4.25,5,2,0,0,1,0,0,0,0,0
16,1,2,3,2,3,3,5,5,5,4,4,2,5,4,4,3,4,5,4,4,1,3,1,3,4,4,4,3,3,2,2,10,14,0,2,1,2,7,7,6,7,5,7,3,7,3,4,4,5,4,7,7,5,5,6,4,4,7,4,7,5,5,6,5,7,6,7,500,400,500,330,400,330,330,0,0,0,2,308.326835183838,4,5,2,4,4,6,4,4,2,0,,,,,,,,3.5,4,4.5,3.25,5.53333333333333,3.75,4.5,1,0,0,0,0,0,0,0,1
6,1,1.9,2,4,3,2,5,2,2,3,4,2,2,5,3,4,1,4,3,3,4,4,2,2,3,3,3,4,2,3,1,8,4,2,2,1,2,6,3,4,4,3,4,6,4,6,6,6,6,7,7,7,5,3,7,5,6,4,2,4,5,2,5,3,4,6,5,500,300,300,300,300,300,300,0,0,0,2,284.289816471997,6,6,5,6,4,4,4,2,2,4,,,,,,,,2.75,2,4.5,2.75,4.83333333333333,5.75,3.5,2,0,0,1,0,0,0,0,0
10,1,1.9,3,3,3,3,3,3,3,4,3,3,3,3,3,3,2,2,3,3,3,3,3,3,3,3,3,3,3,3,1,8,4,3,2,1,1,6,3,5,4,4,4,5,4,4,4,4,5,4,4,5,5,4,5,4,6,5,4,3,5,4,5,3,5,4,4,400,600,130,600,400,130,130,0,0,0,2,148.080043771593,6,6,6,5,4,3,5,4,2,3,,,,,,,,3,3,2.75,3,4.36666666666667,5.75,4,2,0,0,1,0,0,0,0,0
11,1,1.9,4,1,2,3,5,5,2,3,2,4,4,3,4,4,3,3,4,4,2,3,3,3,4,3,3,3,4,3,1,10,14,3,1,2,2,5,5,4,6,5,6,4,6,6,4,3,6,2,5,6,5,4,5,4,5,6,6,4,7,3,5,6,5,7,4,500,500,370,500,500,370,370,1,0,0,1,340.376193466299,7,6,6,7,6,6,5,5,2,4,,,,,,,,3.5,3.25,3.25,3,4.96666666666667,6.5,5.5,2,0,0,0,0,1,0,0,0
11,1,1.9,5,1,3,2,2,4,4,4,2,3,4,1,4,5,2,2,4,4,1,1,2,2,4,4,4,3,2,4,1,2,2,5,2,1,2,6,6,5,5,6,4,4,6,6,7,6,6,5,6,6,7,5,7,5,4,6,5,5,6,5,5,5,6,5,6,330,600,170,600,330,170,170,0,0,0,2,180.129402054054,5,6,5,6,6,5,4,5,2,2,,,,,,,,3.5,3,1.75,3.75,5.53333333333333,5.5,5,2,0,0,0,0,1,0,0,0
1,1,1.9,4,2,2,4,4,4,2,5,3,4,5,3,5,4,4,2,4,4,4,3,1,3,4,3,3,4,2,4,2,10,14,1,2,2,2,7,7,7,6,6,7,4,6,5,5,5,7,5,5,7,7,5,5,6,4,7,6,4,5,4,7,7,7,6,7,330,270,600,270,270,270,270,0,0,0,2,260.252797760176,6,7,4,7,6,6,6,7,2,1,,,,,,,,3.75,4.5,3,3,5.86666666666667,6,6.25,1,0,0,0,0,1,0,0,0
16,1,1.8,2,4,2,3,2,3,5,3,1,5,4,1,3,3,2,2,4,4,4,4,1,3,4,3,4,3,2,4,1,16,16,3,2,2,1,7,7,7,7,7,7,7,7,7,4,5,7,6,7,7,7,5,6,7,7,7,7,3,7,1,7,7,7,7,7,330,200,200,200,200,200,200,0,0,0,2,204.166420765875,6,5,5,5,7,7,7,7,2,2,,,,,,,,3,3,1.5,3.75,6.36666666666667,5.25,7,2,0,0,0,0,1,0,0,0
1,1,1.8,2,2,2,3,4,2,2,5,2,1,2,4,2,4,1,2,4,4,2,1,1,3,3,4,3,4,2,4,2,2,2,4,1,1,2,7,3,6,6,6,5,5,4,3,7,6,6,5,6,4,7,6,7,5,6,7,3,3,6,3,5,3,7,7,4,500,400,600,400,400,400,400,0,0,0,2,364.41321217812,5,4,4,3,5,4,5,5,2,3,,,,,,,,2,2.75,3,2.25,5.26666666666667,4,4.75,1,0,0,0,0,1,1,0,0
1,1,1.8,2,4,4,4,4,2,4,2,3,4,4,2,3,1,4,2,4,4,4,3,2,2,4,4,3,4,3,3,2,16,16,2,2,2,2,5,7,5,6,7,6,2,6,6,4,4,4,3,5,5,4,4,6,4,5,6,6,6,4,5,6,6,3,6,6,200,600,100,600,200,100,100,0,0,0,2,124.043025059752,5,5,5,5,5,5,5,5,2,0,,,,,,,,2.75,3.5,2.75,3.25,5.06666666666667,5,5,2,0,0,1,0,0,0,0,0
8,1,1.8,3,4,2,3,3,4,5,4,5,4,4,3,4,4,1,1,4,4,2,3,1,2,3,3,2,3,3,4,2,16,16,0,2,1,2,6,7,6,7,6,6,4,7,5,3,6,6,4,7,7,5,3,5,6,6,6,6,6,6,3,7,6,4,6,5,500,500,600,500,500,500,500,1,1,1,0,444.536607884242,5,5,2,4,7,6,5,6,2,0,,,,,,,,3.75,3,3,3.75,5.56666666666667,4,6,2,0,0,0,0,1,0,0,0
11,1,1.8,3,3,2,2,4,3,2,4,2,4,4,3,4,5,3,2,4,4,4,4,2,3,4,3,3,4,2,2,2,16,16,1,2,1,2,6,6,6,6,5,7,4,6,4,5,4,5,5,5,6,6,4,6,6,4,5,6,4,7,3,6,5,5,4,4,400,300,170,300,300,170,170,0,0,0,2,180.129402054054,5,5,4,5,6,6,5,6,2,0,,,,,,,,3.25,3.25,2.75,3.25,5.16666666666667,4.75,5.75,2,0,0,1,0,0,0,0,0
11,1,1.8,5,1,4,4,4,5,3,5,3,2,5,4,5,3,4,1,3,2,3,2,1,2,3,2,3,4,2,2,2,10,14,0,2,2,2,6,3,4,3,6,6,6,4,6,6,5,6,3,6,4,6,5,6,3,6,4,5,2,6,5,5,2,7,5,5,500,500,500,500,500,500,500,1,1,1,0,444.536607884242,2,2,3,1,5,4,5,5,2,0,,,,,,,,4,4.5,3,3,4.86666666666667,2,4.75,2,0,0,0,1,0,0,0,0
16,1,1.8,4,2,2,3,4,5,5,3,2,5,4,3,4,3,2,2,3,4,3,4,1,2,3,4,3,3,3,3,2,4,8,0,2,1,2,2,4,4,5,5,6,1,5,3,6,3,4,5,6,6,1,3,6,4,6,4,4,4,4,3,6,4,4,6,4,600,600,500,270,600,270,270,600,0,0,1,260.252797760176,5,5,3,3,5,6,4,4,2,0,,,,,,,,3.75,3,2.75,3.75,4.26666666666667,4,4.75,2,0,0,0,0,0,1,0,0
10,1,1.7,2,3,4,5,3,3,4,4,5,4,4,1,4,5,2,2,4,4,3,3,3,3,4,4,4,4,2,4,1,16,16,2.5,2,1,1,7,7,5,7,7,7,5,7,6,5,7,7,7,7,7,5,5,5,6,5,7,7,7,7,5,7,7,5,4,7,500,330,300,330,330,330,330,0,0,0,2,284.289816471997,7,7,7,7,5,5,5,5,2,3,,,,,,,,3,3.75,2.75,4.25,6.23333333333333,7,5,2,0,0,0,0,1,0,0,0
10,1,1.7,2,2,2,4,4,4,4,4,4,3,4,2,4,4,3,1,4,4,4,3,3,3,3,3,3,3,3,3,1,14,10,5,1,2,1,6,5,6,6,6,6,7,5,6,6,6,7,7,6,7,5,5,7,4,5,6,6,3,7,4,6,4,5,6,7,500,370,130,370,370,130,130,0,0,0,2,148.080043771593,6,6,6,6,6,5,5,5,2,4,,,,,,,,3,3.75,2.75,3.25,5.73333333333333,6,5.25,1,0,0,0,0,1,0,0,0
11,1,1.7,3,2,3,4,4,4,2,5,1,3,5,2,4,4,3,2,3,4,2,4,4,3,4,3,3,4,4,4,1,16,16,3,2,1,2,7,6,5,6,6,5,6,5,5,6,4,6,4,6,6,7,5,6,4,5,5,4,5,6,5,5,5,6,5,5,500,330,170,330,330,170,170,0,0,0,2,180.129402054054,7,7,6,7,6,6,6,7,2,4,,,,,,,,3.25,4.25,2.25,3,5.36666666666667,6.75,6.25,2,0,0,1,0,0,0,0,0
11,1,1.7,2,3,2,2,2,3,3,3,3,2,3,2,3,4,2,2,4,4,2,2,2,2,3,2,2,4,3,3,1,16,16,3,2,1,2,5,6,5,5,5,5,5,4,5,6,4,5,5,5,5,3,4,4,4,4,6,5,5,4,4,5,6,4,5,2,330,600,270,600,330,270,270,0,0,0,2,260.252797760176,5,5,5,6,6,7,6,6,2,2,,,,,,,,2.75,2.5,2.25,2.75,4.66666666666667,5.25,6.25,2,0,0,0,0,1,0,0,0
11,1,1.7,1,5,3,3,4,2,5,4,4,3,2,2,3,3,3,2,3,4,3,3,3,3,4,4,3,3,2,3,1,16,16,3,2,1,1,5,7,4,6,7,5,3,7,6,5,5,5,6,6,7,4,3,4,6,5,7,5,6,5,3,6,7,4,6,5,600,270,170,270,270,170,170,0,0,0,2,180.129402054054,6,6,4,6,6,6,6,6,2,2,,,,,,,,2.75,3,3,3.5,5.33333333333333,5.5,6,2,0,0,0,0,1,0,0,0
0,2,1.7,4,2,3,3,4,3,4,4,2,5,2,3,3,1,3,4,3,4,4,3,2,2,4,3,2,3,4,3,2,4,8,0,2,1,1,7,6,4,6,7,5,4,5,5,6,6,5,6,6,5,6,5,6,5,5,6,5,5,5,6,7,4,2,6,4,500,330,500,500,330,500,330,0,1,0,1,308.326835183838,5,6,5,4,5,5,6,4,2,0,,,,,,,,3,3,3.25,3.25,5.33333333333333,5,5,2,0,0,0,0,1,0,0,0
10,1,1.6,3,4,5,4,2,2,4,4,2,2,5,2,4,4,4,2,4,3,2,3,1,2,4,4,2,3,3,3,1,16,16,3,2,1,1,6,7,6,7,7,5,7,7,6,4,6,6,6,5,7,6,5,6,6,7,7,6,5,7,4,7,6,5,6,6,370,600,100,600,370,100,100,0,0,0,2,124.043025059752,5,6,3,5,5,6,5,5,2,3,,,,,,,,3.25,4.25,2,3.75,6.03333333333333,4.75,5.25,2,0,0,0,0,1,0,0,0
11,1,1.6,1,5,2,3,5,2,3,4,5,4,3,4,4,2,2,4,3,3,3,2,2,2,4,4,4,4,1,2,1,10,14,3,2,1,2,6,5,3,5,5,7,5,5,3,5,5,5,6,5,5,7,4,5,5,7,5,5,4,6,4,7,4,6,3,7,500,230,170,230,230,170,170,0,0,0,2,180.129402054054,4,5,5,5,5,5,4,5,2,4,,,,,,,,3,3,4.5,2.75,5.13333333333333,4.75,4.75,1,0,0,0,0,0,0,0,1
11,1,1.6,3,3,4,2,5,2,2,2,4,2,2,5,2,4,1,5,3,4,2,3,3,2,4,3,2,3,2,2,1,10,14,3,1,2,2,5,4,2,3,3,1,2,2,3,6,3,4,4,2,5,2,2,7,3,1,2,2,1,3,3,4,3,3,2,2,500,500,370,500,500,370,370,1,0,0,1,340.376193466299,6,6,4,6,5,5,5,4,2,4,,,,,,,,2.5,1.75,4.75,3,2.96666666666667,5.5,4.75,2,0,0,0,0,1,0,0,0
16,1,1.6,2,2,3,4,4,3,2,4,3,2,4,2,4,3,2,4,3,4,3,2,3,2,3,4,3,3,1,2,1,16,16,3,2,1,1,5,7,3,6,7,5,3,6,6,6,4,4,6,5,6,3,3,4,5,4,5,5,5,3,3,6,6,7,2,3,500,500,270,500,500,270,270,1,0,0,1,260.252797760176,5,5,6,5,5,5,5,5,2,1,,,,,,,,2.75,3.5,3.25,2.5,4.76666666666667,5.25,5,2,0,0,0,0,1,0,0,0
0,2,1.6,2,3,4,5,1,4,4,5,1,4,1,1,1,3,2,1,4,4,4,4,4,4,4,4,4,4,1,4,2,16,16,0,2,1,1,7,6,4,7,7,7,7,2,7,4,6,7,6,7,7,7,6,6,6,7,6,7,5,7,6,7,7,7,7,1,500,400,400,500,400,400,400,0,0,0,2,364.41321217812,4,5,2,4,6,6,7,6,2,0,,,,,,,,2.5,3.25,1,3.75,6.1,3.75,6.25,2,0,0,0,0,1,0,0,0
1,1,1.6,4,2,2,4,3,4,4,5,3,4,4,2,1,5,4,2,4,4,2,2,1,1,2,4,4,4,3,4,2,10,14,2,2,1,2,4,5,7,7,6,4,4,5,5,5,7,7,4,6,5,5,5,7,5,6,6,5,4,5,4,5,4,3,7,5,600,600,100,600,600,100,100,600,0,0,1,124.043025059752,4,5,4,6,6,5,6,6,2,0,,,,,,,,2.75,4.25,2.5,3.75,5.23333333333333,4.75,5.75,1,0,0,0,1,0,0,0,0
10,1,1.6,5,1,3,4,4,4,3,3,3,2,4,3,4,2,2,4,4,4,3,4,1,3,4,4,4,3,3,3,2,16,16,0,2,1,2,7,4,6,6,4,6,7,4,5,6,7,7,4,3,4,7,7,7,7,7,5,5,2,5,7,7,4,7,7,7,600,500,600,500,500,500,500,1,1,1,0,444.536607884242,4,6,2,5,6,6,7,6,2,0,,,,,,,,3.5,3.25,3.5,2.5,5.7,4.25,6.25,1,0,0,0,0,1,0,0,0
11,1,1.6,2,4,2,3,4,1,4,4,4,4,3,2,2,2,1,4,3,4,4,3,2,2,4,4,3,4,2,2,2,14,10,3,1,1,2,6,6,4,7,7,6,2,6,4,3,5,6,3,6,5,6,4,6,6,5,7,6,2,7,4,5,5,3,5,5,500,330,130,170,330,130,130,0,0,0,2,148.080043771593,6,5,5,4,5,5,6,4,2,4,,,,,,,,2.25,2.75,3.5,3,5.06666666666667,5,5,2,0,0,0,0,1,0,0,0
11,1,1.6,2,4,2,4,4,3,5,4,2,2,5,2,3,4,4,4,4,3,3,3,1,2,4,4,3,3,3,3,2,16,16,1,2,1,2,6,7,5,7,7,6,6,7,5,5,7,5,7,5,7,6,6,6,6,7,7,7,7,6,6,7,7,6,7,7,600,600,300,370,600,300,300,600,0,0,1,284.289816471997,5,4,2,4,7,6,5,6,2,0,,,,,,,,3,4.25,3,3.25,6.33333333333333,3.75,6,2,0,0,0,0,0,0,1,0
15,1,1.6,2,4,1,3,3,2,2,3,2,2,3,2,4,4,2,2,4,4,3,4,3,3,4,4,3,3,3,3,2,16,16,4,1,1,2,7,4,5,4,3,4,2,3,5,5,6,6,6,5,6,6,5,5,4,4,4,5,5,5,4,5,5,5,4,6,400,270,100,270,270,100,100,0,0,0,2,124.043025059752,5,6,5,6,4,4,4,3,2,4,,,,,,,,3,2.75,2.25,2.25,4.76666666666667,5.5,3.75,2,0,0,1,0,0,0,0,0
9,1,1.5,2,4,2,4,4,2,3,3,3,4,4,4,4,4,3,5,4,4,2,2,3,3,4,3,3,4,3,2,1,16,16,2,2,1,1,6,6,3,6,5,5,5,6,5,4,5,4,6,6,5,3,2,5,6,4,5,5,6,6,2,5,5,4,2,5,500,370,100,370,370,100,100,0,0,0,2,124.043025059752,6,6,6,6,5,4,5,4,2,2,,,,,,,,3,3.5,4,3.25,4.73333333333333,6,4.5,2,0,0,0,0,1,0,0,0
10,1,1.5,4,2,2,3,2,5,2,4,2,2,3,2,4,3,2,2,3,3,4,4,3,3,3,3,2,3,1,3,1,4,8,3,2,2,2,5,4,6,6,5,7,6,5,4,6,5,5,4,5,5,5,6,6,5,5,4,6,2,3,5,6,5,5,6,5,400,330,100,330,330,100,100,0,0,0,2,124.043025059752,5,5,5,5,4,5,4,5,2,3,,,,,,,,3.75,3,2,2.25,5.06666666666667,5,4.5,2,0,0,1,0,0,0,0,0
11,1,1.5,3,2,4,4,5,4,2,4,4,2,5,4,4,4,4,4,3,3,2,3,1,1,3,4,4,4,3,2,2,10,14,0,2,2,2,7,4,2,5,5,7,7,7,1,6,6,6,7,7,6,7,7,6,7,5,7,7,2,6,5,7,3,5,1,7,500,500,370,500,500,370,370,1,0,0,1,340.376193466299,4,4,3,3,5,5,2,2,2,0,,,,,,,,3.25,4.25,4.25,3,5.5,3.5,3.5,1,0,0,0,0,1,0,0,0
11,1,1.5,2,3,1,3,1,3,2,3,4,2,5,2,3,2,1,1,4,4,4,3,3,2,4,4,3,3,2,3,2,8,4,4,1,1,2,5,4,5,3,3,3,5,5,5,3,5,5,3,4,5,2,5,6,5,5,3,4,3,3,3,4,5,2,4,3,600,600,100,600,600,100,100,600,0,0,2,124.043025059752,6,6,6,6,6,6,5,5,2,4,,,,,,,,2.75,3,2,1.75,4,6,5.5,2,0,0,0,1,0,0,0,0
1,1,1.4,4,1,3,4,2,4,2,4,3,3,4,2,5,2,2,3,4,4,4,2,3,3,4,4,4,4,4,3,1,2,2,5,1,1,1,7,5,4,6,6,7,7,7,7,7,4,5,5,6,6,7,5,7,5,7,6,5,5,7,4,7,7,7,7,7,200,600,100,600,200,100,100,0,0,0,2,124.043025059752,7,5,7,4,6,6,5,4,2,3,,,,,,,,3.5,3.5,2.5,2.5,6.06666666666667,5.75,5.25,2,0,0,0,0,1,0,0,0
11,1,1.4,3,4,2,5,1,3,2,4,4,1,5,1,4,3,1,1,4,4,3,3,4,4,4,4,4,4,4,4,1,16,16,5,2,1,2,7,7,6,7,7,6,7,7,6,7,7,7,7,6,7,6,5,7,7,7,7,6,2,5,3,7,7,6,7,7,600,600,100,600,600,100,100,600,0,0,2,124.043025059752,7,7,7,7,6,6,6,6,2,4,,,,,,,,3.5,3.75,1.75,2,6.33333333333333,7,6,2,0,0,0,0,1,0,0,0
11,1,1.4,2,3,4,2,2,4,4,5,2,3,3,2,4,2,3,4,4,4,4,4,4,4,4,2,4,4,3,4,1,16,16,7,2,1,2,6,7,5,7,7,4,6,7,6,6,6,6,4,6,6,4,5,6,7,6,7,6,7,6,7,6,7,5,6,7,600,600,270,500,600,270,270,600,0,0,2,260.252797760176,7,7,7,7,7,7,7,7,2,4,,,,,,,,3.25,3.25,2.5,3.25,6.03333333333333,7,7,2,0,0,0,1,0,0,0,0
11,1,1.4,2,2,2,3,5,4,2,3,4,2,5,2,3,3,2,4,3,4,2,1,3,3,3,3,3,3,1,4,1,16,16,5,2,1,2,7,5,7,6,6,7,7,5,6,5,4,7,4,5,7,7,5,6,4,6,6,7,4,5,4,7,6,5,7,7,300,600,100,600,300,100,100,0,0,0,2,124.043025059752,6,6,5,6,6,6,6,6,2,4,,,,,,,,2.75,3.25,3.75,2.25,5.8,5.75,6,2,0,0,0,0,1,0,0,0
0,2,1.4,2,5,2,5,5,3,1,3,5,2,4,2,2,1,3,4,4,3,3,4,1,1,4,3,3,3,1,3,2,16,16,0,2,2,2,7,7,4,7,7,7,7,4,6,5,7,7,5,7,7,5,6,5,1,7,7,7,1,5,7,7,6,7,5,5,600,600,500,600,600,500,500,600,1,1,0,444.536607884242,4,4,2,3,5,5,4,5,2,0,,,,,,,,3,3.75,4,1.5,5.83333333333333,3.25,4.75,2,0,0,0,0,1,0,0,0
16,1,1.4,4,1,5,5,4,4,5,4,5,4,5,1,4,5,5,4,4,4,4,4,1,1,4,4,3,2,3,2,2,4,8,0,2,2,1,6,6,4,5,7,6,1,5,2,7,6,5,6,6,5,6,4,7,6,6,6,6,2,5,3,7,5,5,4,5,600,600,500,600,600,500,500,600,1,1,0,444.536607884242,4,4,2,4,5,5,4,4,2,0,,,,,,,,3.25,4.75,3.5,4.75,5.13333333333333,3.5,4.5,1,0,0,1,0,0,0,0,0
10,1,1.3,1,1,4,2,2,2,2,3,4,3,2,2,3,3,4,1,4,4,4,4,3,3,4,3,2,4,2,2,1,16,16,5,2,1,1,6,6,5,6,4,5,7,5,4,6,4,5,2,6,6,6,6,6,7,5,6,6,6,2,4,7,7,5,4,5,100,600,100,600,100,100,100,0,0,0,2,124.043025059752,7,7,7,6,6,6,6,7,2,2,,,,,,,,1.75,2.75,2.25,3,5.3,6.75,6.25,2,0,0,0,0,1,0,0,0
11,1,1.3,2,5,1,5,4,2,2,5,4,5,4,2,5,4,1,5,4,4,4,4,4,3,4,2,2,4,3,4,1,8,4,5,2,1,2,7,5,6,7,7,7,7,6,7,7,7,7,7,6,7,6,7,7,6,7,7,7,5,7,7,7,7,4,3,7,500,130,100,130,130,100,100,0,0,0,2,124.043025059752,6,7,6,7,6,6,5,4,2,4,,,,,,,,3.5,3.75,3.75,3,6.46666666666667,6.5,5.25,2,0,0,0,0,1,0,0,0
11,1,1.3,2,4,3,4,3,3,4,4,2,4,5,4,3,3,2,3,4,4,2,2,2,2,3,3,3,2,3,4,1,16,16,3,2,1,2,7,4,4,5,5,6,5,4,5,4,5,6,4,5,5,7,5,3,4,5,5,7,3,6,5,5,4,5,7,5,300,100,100,100,100,100,100,0,0,0,2,124.043025059752,6,5,4,5,6,6,5,5,2,4,,,,,,,,3,3.75,3,3.5,5,5,5.5,2,0,0,0,0,1,0,0,0
11,1,1.3,2,4,3,4,4,4,3,4,2,3,5,3,3,3,4,2,4,4,4,4,2,3,4,4,4,4,2,4,1,16,16,3,2,1,2,7,6,5,7,7,7,7,6,6,5,7,6,7,6,7,6,6,5,6,6,7,7,5,7,3,7,6,6,7,7,270,600,170,600,270,170,170,0,0,0,2,180.129402054054,5,6,4,5,6,6,6,3,2,4,,,,,,,,3.25,4.25,2.75,3,6.23333333333333,5,5.25,2,0,0,1,0,0,0,0,0
11,1,1.3,1,5,3,4,2,3,5,4,3,5,4,2,3,4,2,2,4,4,3,3,1,3,4,4,4,4,2,3,1,16,16,1,2,2,2,4,7,4,6,5,5,1,6,5,3,4,4,5,6,6,2,4,4,3,4,6,4,5,5,3,5,7,2,5,5,370,100,100,100,100,100,100,0,0,0,2,124.043025059752,6,5,4,5,6,6,6,6,2,0,,,,,,,,3,3.5,2.25,4.25,4.5,5,6,2,0,0,0,0,0,0,0,1
0,2,1.3,2,3,1,4,3,2,2,2,5,2,1,4,3,4,1,2,3,3,4,4,2,1,4,3,3,3,2,2,2,14,10,3,2,1,1,4,5,6,6,6,3,7,5,3,4,4,4,5,5,6,6,2,5,5,4,5,4,3,6,1,6,5,7,3,5,300,100,100,100,100,100,100,0,0,0,2,124.043025059752,5,5,2,4,5,5,2,5,2,0,,,,,,,,2.5,2,3.5,2.25,4.66666666666667,4,4.25,2,0,0,0,0,1,0,0,0
1,1,1.3,2,5,1,4,3,2,1,4,4,1,4,3,2,4,4,3,3,3,3,4,2,2,3,4,4,3,2,4,2,16,16,3,2,1,1,6,6,4,6,5,6,5,6,6,3,5,5,6,5,6,6,6,6,5,6,7,6,5,5,5,6,6,6,6,6,270,600,100,600,270,100,100,0,0,0,2,124.043025059752,7,6,5,6,6,6,7,6,2,0,,,,,,,,2.75,4,3.25,1.75,5.56666666666667,6,6.25,2,0,0,0,0,1,0,0,0
11,1,1.2,4,2,3,4,5,5,4,5,2,4,5,2,5,5,4,4,3,3,2,4,1,1,3,4,3,2,3,2,2,10,14,0,2,1,2,6,5,6,6,5,6,5,4,5,5,6,6,7,6,5,5,6,6,5,6,6,6,5,4,5,6,4,5,4,6,600,500,600,500,500,500,500,1,1,1,0,444.536607884242,3,2,1,2,5,6,4,5,2,0,,,,,,,,4,4.5,3.25,4,5.4,2,5,1,0,0,0,0,1,0,0,0
0,2,1.1,5,2,1,3,4,5,5,4,2,3,4,3,4,5,2,4,4,4,4,4,1,2,4,4,4,4,1,3,1,16,16,8,2,2,2,7,7,6,7,7,7,1,7,7,7,7,5,7,5,7,1,1,7,7,7,7,7,7,7,1,7,7,7,4,4,230,600,100,600,230,100,100,0,0,0,2,124.043025059752,5,6,5,4,3,4,4,4,2,0,,,,,,,,4,3.25,3.25,3.5,5.83333333333333,5,3.75,2,0,0,1,0,0,0,0,0
0,2,1.1,5,2,1,4,3,4,5,4,1,4,5,1,5,2,3,1,4,4,4,2,3,3,4,4,3,3,2,4,1,16,16,3,2,1,1,7,7,6,7,7,5,7,7,7,7,6,7,7,7,7,7,5,7,5,7,7,7,7,5,3,7,7,5,5,3,100,600,370,600,100,370,100,0,0,0,2,124.043025059752,4,5,5,5,7,7,7,7,2,2,,,,,,,,4,4,1.5,3,6.26666666666667,4.75,7,2,0,0,0,0,1,0,0,0
6,1,1.1,5,2,3,4,3,4,4,2,2,4,3,2,5,3,3,2,4,4,4,4,3,3,2,3,3,2,3,2,1,16,16,3,2,1,1,6,6,6,5,6,4,5,6,5,7,5,6,6,6,5,6,5,6,5,4,5,5,4,4,5,6,5,7,6,5,270,170,100,170,170,100,100,0,0,0,2,124.043025059752,6,7,5,5,5,6,5,6,2,3,,,,,,,,4,3,2.25,3.5,5.4,5.75,5.5,2,0,0,0,0,1,0,0,0
11,1,1.1,1,5,2,4,4,1,4,3,4,2,4,4,3,2,4,5,3,3,2,2,2,2,3,3,3,3,3,2,1,16,16,3,2,2,2,5,2,5,6,2,5,5,4,4,5,4,5,7,5,6,5,4,6,3,4,4,5,5,5,4,6,4,3,5,5,500,200,130,200,200,130,130,0,0,0,2,148.080043771593,4,4,4,4,4,5,5,4,2,4,,,,,,,,2.5,3.75,4.25,2.5,4.6,4,4.5,1,0,0,0,0,1,0,0,0
11,1,1.1,1,1,5,4,5,2,2,3,5,4,4,4,2,2,2,3,4,4,3,4,2,2,4,4,3,3,2,2,1,16,16,3,2,1,2,5,5,6,6,5,7,7,5,4,4,5,4,5,3,5,4,6,7,5,4,5,7,4,4,6,7,5,4,2,6,300,130,130,130,130,130,130,0,0,0,2,148.080043771593,5,5,5,6,5,5,6,6,2,4,,,,,,,,1.5,3.25,4.25,3.25,5.06666666666667,5.25,5.5,2,0,0,1,0,0,0,0,0
11,1,1.1,2,3,4,4,4,2,5,5,4,4,4,5,2,1,4,4,4,4,3,3,1,2,3,4,4,3,3,2,1,8,4,3,2,2,2,6,5,6,5,4,6,5,5,3,2,6,5,7,5,7,6,4,6,5,6,6,7,6,6,5,6,5,6,3,6,500,500,270,500,500,270,270,1,0,0,1,260.252797760176,5,5,4,5,4,3,3,3,2,4,,,,,,,,2.25,4.25,4.25,3.5,5.33333333333333,4.75,3.25,1,0,0,1,0,0,0,0,0
11,1,1.1,2,3,2,4,3,2,2,3,3,2,4,3,4,1,2,2,4,4,3,2,2,2,4,4,3,3,4,4,1,16,16,3,2,1,2,2,5,5,5,4,5,4,5,5,5,4,7,5,3,5,3,1,5,5,5,5,4,2,6,1,6,5,2,5,5,600,600,170,270,600,170,170,600,0,0,1,180.129402054054,5,5,4,4,5,5,5,4,2,4,,,,,,,,2.75,3.25,2.75,1.75,4.3,4.5,4.75,2,0,0,0,0,0,0,1,0
6,1,1.1,5,1,1,4,2,4,3,4,2,3,5,1,4,4,4,2,3,4,4,2,4,4,4,4,2,3,3,4,2,16,16,3,1,1,2,6,7,5,6,6,6,5,7,7,5,6,6,6,5,6,4,4,5,6,4,6,6,5,6,6,7,7,4,4,6,600,600,100,600,600,100,100,600,0,0,1,124.043025059752,7,6,7,7,6,5,5,5,2,5,,,,,,,,3.5,4.25,1.75,2.75,5.63333333333333,6.75,5.25,2,0,0,0,0,1,0,0,0
11,1,1,2,1,3,5,4,3,4,4,1,4,5,1,4,2,5,5,4,4,1,1,3,4,4,3,3,4,3,4,1,16,16,3,1,1,2,6,4,7,6,4,7,7,3,7,5,7,7,5,6,3,5,7,6,7,5,6,7,5,1,7,5,3,6,7,7,170,170,100,170,170,100,100,0,0,0,2,124.043025059752,7,7,7,7,6,6,6,6,2,4,,,,,,,,2.5,4.75,2.75,3.25,5.6,7,6,2,0,0,0,0,1,0,0,0
11,1,1,2,4,3,3,2,4,3,4,3,4,2,2,4,3,2,2,4,4,3,2,3,1,4,3,3,2,3,3,1,16,16,3,2,1,2,6,5,4,4,5,4,5,7,5,5,4,5,5,4,5,5,4,5,4,5,6,5,4,4,4,5,3,4,4,6,200,100,100,100,100,100,100,0,0,0,2,124.043025059752,5,6,5,5,5,5,4,5,2,4,,,,,,,,3.5,2.75,2.25,3.25,4.7,5.25,4.75,2,0,0,0,0,1,0,0,0
11,1,1,5,1,3,4,3,5,4,4,3,1,4,2,5,2,4,2,4,4,3,2,3,2,3,4,3,3,3,3,1,16,16,3,2,1,2,5,5,5,6,5,6,5,5,5,5,5,5,5,5,5,5,4,5,5,4,5,6,5,4,4,5,6,5,5,7,500,100,100,100,100,100,100,0,0,0,2,124.043025059752,6,6,5,6,6,5,5,6,2,4,,,,,,,,4,4,2.5,2.5,5.06666666666667,5.75,5.5,2,0,0,0,0,1,0,0,0
14,1,1,2,2,3,4,4,2,5,4,2,3,4,2,4,2,5,2,3,4,2,2,4,3,4,4,3,3,4,4,2,16,16,1,2,1,1,5,7,6,7,7,6,5,7,6,5,6,5,7,6,7,5,5,4,6,6,7,7,7,5,4,5,7,6,5,7,600,600,100,600,600,100,100,600,0,0,1,124.043025059752,5,6,6,4,5,5,5,4,2,2,,,,,,,,2.5,4.25,2.5,3.25,5.93333333333333,5.25,4.75,2,0,0,0,0,1,0,0,0
11,1,1.2,4,2,2,2,4,4,2,4,4,2,4,4,4,2,2,2,4,4,3,2,4,3,3,4,4,4,2,4,1,16,16,3,2,1,2,7,5,5,6,5,6,7,5,6,6,5,6,6,4,7,7,6,6,3,5,6,3,4,5,5,7,5,7,7,7,,,,500,,500,500,,1,1,,500,6,7,6,6,5,5,6,2,,,3,2,2,3,2,,1,3.5,3,3.5,2,5.63333333333333,6.25,4.5,2,,,,,,,,
11,1,2.8,3,3,5,4,4,3,5,3,4,5,4,3,3,4,3,4,3,2,1,2,2,2,3,3,2,2,2,2,2,10,14,5,1,1,2,4,4,4,4,4,4,3,4,4,4,3,4,3,5,4,4,4,4,4,5,4,4,2,4,4,5,6,2,4,4,,,,270,,270,270,,0,0,,270,4,4,4,3,6,5,5,4,,,2,3,1,2,1,0,,3,3.5,3.75,4.75,3.93333333333333,3.75,5,1,,,,,,,,
0,2,1.7,2,2,3,3,5,4,5,2,4,5,4,3,5,2,2,4,4,3,3,3,4,3,4,4,3,2,3,4,2,8,4,7,1,1,1,5,3,5,7,7,5,5,5,4,6,7,5,7,6,5,7,3,6,6,5,5,6,2,6,2,7,6,7,3,4,,,,500,,500,500,,1,1,,500,5,6,5,6,5,5,4,6,,,1,0,2,1,2,3,,3.25,2.75,4,3.75,5.23333333333333,5.5,5,1,,,,,,,,
11,1,2.3,3,5,3,3,4,4,2,3,3,3,3,3,2,3,4,5,3,3,3,4,2,2,3,4,4,3,4,2,2,10,14,1.5,2,1,2,7,6,4,5,5,4,5,5,3,7,3,5,4,5,5,7,4,6,7,4,6,4,7,6,4,5,5,7,5,3,,,,500,,500,500,,1,1,,500,4,5,5,5,4,4,4,4,,,2,3,1,2,1,0,,3.5,3.25,3.75,2.75,5.1,4.75,4,2,,,,,,,,
11,1,1.3,4,2,2,4,5,3,3,3,3,2,5,4,5,3,2,4,4,4,4,3,1,1,4,3,2,2,3,2,1,8,4,3,2,1,2,5,2,5,5,6,7,6,5,4,5,4,6,6,5,6,5,4,5,3,4,4,6,5,6,2,7,5,6,2,6,,,,130,,130,130,,0,0,,130,4,3,2,4,5,6,6,5,,,1,0,2,1,2,3,,3.5,3.5,4,2.5,4.9,3.25,5.5,1,,,,,,,,
11,1,1.8,2,4,2,4,4,3,4,4,3,4,4,2,3,4,3,4,4,4,4,4,2,2,4,4,4,4,4,3,1,16,16,3,2,1,2,6,4,7,5,5,6,6,6,7,6,6,6,6,6,6,5,4,6,4,5,6,6,3,6,4,6,4,4,6,5,,,,370,,370,370,,0,0,,370,6,6,5,6,6,5,5,5,,,3,2,2,3,2,,1,3,3.75,3.25,3.5,5.4,5.75,5.25,2,,,,,,,,
0,2,2.5,2,2,3,4,5,2,3,4,3,3,4,4,3,3,3,4,4,4,4,4,1,2,4,2,2,4,4,4,1,16,16,0.5,2,2,2,7,4,6,5,7,6,4,5,4,4,4,7,7,5,7,5,6,4,7,7,7,7,4,7,5,7,5,4,7,4,,,,500,,500,500,,1,1,,500,4,5,4,5,2,4,3,3,,,3,2,2,3,2,,1,2.25,3.75,4,3,5.6,4.5,3,2,,,,,,,,
11,1,2.5,2,4,2,2,5,3,2,4,5,4,4,5,4,5,2,5,3,3,3,4,2,2,4,4,4,3,3,2,2,8,4,0,2,1,2,5,1,3,3,3,4,2,5,2,2,3,4,3,4,3,3,3,1,3,3,4,3,2,5,3,5,6,5,3,4,,,,300,,300,300,,0,0,,300,4,5,4,3,5,3,6,2,,,1,0,2,1,2,3,,3.25,3,5,3.25,3.33333333333333,4,4,1,,,,,,,,
11,1,2.1,1,5,3,2,4,2,4,5,4,4,5,3,3,4,4,4,4,3,3,4,1,2,4,4,4,4,3,2,2,10,14,0,2,2,2,5,4,3,5,4,5,5,4,4,2,4,4,5,5,5,3,3,4,6,5,5,5,5,5,3,6,4,3,4,3,,,,200,,200,200,,0,0,,200,2,3,2,2,4,5,5,5,,,2,3,1,2,1,0,,2.75,4,3.75,3.75,4.26666666666667,2.25,4.75,1,,,,,,,,
10,1,2.1,2,4,4,3,4,3,4,2,2,4,4,3,4,1,3,2,3,4,4,3,3,2,4,3,4,3,3,3,1,16,16,2.5,2,1,2,5,7,5,6,5,5,3,6,5,3,4,5,5,6,5,4,5,5,5,5,6,6,4,4,2,6,7,4,5,5,,,,170,,170,170,,0,0,,170,5,5,5,4,5,6,5,5,,,3,2,2,3,2,,1,3.25,3,2.75,3.25,4.93333333333333,4.75,5.25,2,,,,,,,,
11,1,1,1,5,2,4,5,2,2,3,4,3,5,3,2,2,3,4,4,4,3,3,1,2,3,4,3,3,3,2,2,16,16,0,2,1,2,6,4,5,4,4,5,5,5,3,4,6,4,4,4,5,5,4,6,5,5,4,5,4,6,3,6,4,4,5,5,,,,100,,100,100,,0,0,,100,4,4,4,4,5,5,5,5,,,3,2,2,3,2,,1,2.5,3.75,4,2.25,4.63333333333333,4,5,2,,,,,,,,
16,1,2.2,5,1,3,2,1,5,4,4,1,3,3,2,4,4,2,2,4,4,4,4,2,3,3,3,4,3,3,3,2,10,14,0.06,2,1,2,6,5,5,5,3,4,3,5,6,5,5,6,4,5,6,6,3,5,4,3,5,3,5,4,3,5,5,6,5,5,,,,500,,500,500,,1,1,,500,6,6,4,6,4,4,4,4,,,2,3,1,2,1,0,,3.75,2.75,1.5,3.5,4.66666666666667,5.5,4,2,,,,,,,,
16,1,1.9,2,3,3,2,4,3,5,4,2,5,4,3,3,3,1,2,3,4,3,3,2,2,4,2,3,4,3,3,1,14,10,2,2,1,1,6,6,4,4,5,5,3,5,5,5,5,6,5,5,5,6,5,5,5,6,6,6,4,5,1,6,2,5,4,4,,,,500,,500,500,,1,1,,500,6,7,5,6,5,6,5,5,,,2,1,3,2,3,2,,2.75,2.75,2.75,4,4.8,6,5.25,2,,,,,,,,
11,1,2.4,2,3,1,1,5,1,1,2,5,1,1,5,1,1,1,5,4,4,4,4,1,1,4,3,4,3,2,1,2,16,16,3,1,1,2,1,5,1,6,5,5,6,6,1,1,6,1,6,5,6,1,1,2,6,1,5,5,5,1,1,6,5,1,1,1,,,,500,,500,500,,1,1,,500,5,6,5,5,2,2,3,2,,,3,2,2,3,2,,1,1.75,1.25,5,1,3.43333333333333,5.25,2.25,2,,,,,,,,
11,1,1.7,4,2,2,3,2,4,4,4,1,2,4,2,5,2,3,1,3,4,2,2,2,2,4,4,4,3,3,3,2,2,2,3,1,2,2,3,4,4,3,2,3,2,2,2,2,2,3,2,3,3,3,2,2,3,2,3,3,3,2,6,3,4,2,2,2,,,,330,,330,330,,0,0,,330,5,5,5,5,5,5,5,5,,,0,1,1,0,1,2,,3.75,3.5,1.5,2.5,2.73333333333333,5,5,2,,,,,,,,
10,1,2.7,4,2,4,4,3,4,4,2,3,4,4,3,3,4,4,3,4,4,4,4,1,1,3,3,4,3,2,3,1,14,10,1,2,1,2,7,6,5,5,7,6,6,5,5,4,2,6,4,5,4,6,6,5,6,5,5,6,5,6,6,6,3,4,5,5,,,,200,,200,200,,0,0,,200,5,5,2,5,5,3,2,3,,,2,1,3,2,3,2,,3.25,3.5,3,4,5.2,4.25,3.25,2,,,,,,,,
11,1,2,5,3,1,4,3,5,1,5,1,5,4,1,5,4,2,1,4,4,3,3,4,3,4,4,4,3,4,3,1,2,2,3,2,1,2,7,6,7,7,7,7,7,6,6,7,6,7,7,6,7,7,4,7,6,7,6,6,4,7,4,7,6,7,6,7,,,,270,,270,270,,0,0,,270,6,6,6,6,5,5,5,5,,,0,1,1,0,1,2,,4.5,3.75,1.5,2.75,6.36666666666667,6,5,2,,,,,,,,
11,1,2.3,5,1,5,2,4,5,5,3,4,2,4,5,5,5,1,5,3,4,2,2,1,1,4,4,3,3,2,3,1,16,16,1,2,1,2,4,6,5,6,4,3,6,5,6,4,5,5,6,3,5,5,3,4,7,6,6,4,3,5,3,7,5,2,3,6,,,,270,,270,270,,0,0,,270,5,6,2,6,6,6,5,5,,,3,2,2,3,2,,1,4,2.5,4.5,4.25,4.73333333333333,4.75,5.5,1,,,,,,,,
11,1,1.7,3,3,4,3,4,3,5,3,4,4,4,2,4,4,2,2,3,3,3,4,2,3,3,4,4,3,2,3,1,16,16,5,2,1,2,5,5,5,5,5,6,3,4,4,4,5,5,5,5,5,4,3,4,5,5,5,5,5,5,2,6,5,4,5,6,,,,170,,170,170,,0,0,,170,6,6,6,5,5,5,4,4,,,3,2,2,3,2,,1,3.25,3,3,4.25,4.66666666666667,5.75,4.5,2,,,,,,,,
5,1,1.6,3,2,1,4,4,2,2,5,4,2,5,3,3,4,5,4,2,2,1,1,4,4,2,1,1,2,3,4,1,16,16,2,2,1,1,7,5,4,5,5,6,6,5,5,6,7,6,7,7,7,7,7,7,7,5,6,7,4,5,6,7,5,5,4,5,,,,170,,170,170,,0,0,,170,5,5,4,4,6,6,6,6,,,3,2,2,3,2,,1,2.5,4.75,3.75,2.25,5.83333333333333,4.5,6,1,,,,,,,,
6,1,2,3,2,3,4,2,4,2,4,4,3,4,2,4,3,2,4,4,3,4,3,1,2,4,4,4,2,2,4,2,10,14,0,2,1,2,5,5,5,5,4,7,3,6,6,4,4,5,6,6,6,3,4,5,5,4,4,6,5,7,3,6,5,3,4,5,,,,170,,170,170,,0,0,,170,4,6,5,3,5,5,5,3,,,2,3,1,2,1,0,,3.25,3.5,3,2.75,4.86666666666667,4.5,4.5,2,,,,,,,,
9,1,1.1,1,5,1,4,5,2,4,4,4,3,5,4,2,2,4,4,3,4,4,4,4,3,3,4,4,4,3,2,1,16,16,5,2,1,1,7,4,3,6,5,7,6,5,3,4,5,5,6,6,6,2,3,6,6,5,6,5,3,6,6,7,4,3,6,5,,,,100,,100,100,,0,0,,100,7,7,7,6,6,7,6,6,,,3,2,2,3,2,,1,2.5,4.25,4.25,2.5,5.03333333333333,6.75,6.25,2,,,,,,,,
11,1,1.7,5,2,3,3,4,4,3,4,3,3,4,2,3,2,4,4,4,4,3,3,1,1,4,4,4,3,3,3,2,14,10,0,2,1,2,7,4,5,5,5,5,7,4,5,4,4,6,4,5,5,6,3,4,5,4,5,4,5,6,3,6,4,6,5,4,,,,100,,100,100,,0,0,,100,5,5,2,4,5,5,4,4,,,2,1,3,2,3,2,,3.5,3.75,3.25,2.75,4.83333333333333,4,4.5,2,,,,,,,,
0,2,2,2,4,3,4,4,3,2,2,4,4,3,3,3,2,4,5,3,4,4,4,2,2,3,3,3,4,3,2,1,14,10,4,1,2,2,6,5,5,5,6,5,5,5,5,4,4,5,6,5,6,6,4,4,3,5,5,5,4,4,4,5,5,5,2,5,,,,300,,300,300,,0,0,,300,5,6,5,5,4,3,4,3,,,2,1,3,2,3,2,,3,3.25,4,2.75,4.76666666666667,5.25,3.5,2,,,,,,,,
11,1,1.9,2,3,2,2,4,2,4,3,3,3,4,4,4,4,2,4,3,4,3,4,1,1,2,4,4,3,3,2,1,10,14,3,2,1,2,6,3,4,3,3,5,3,4,4,5,3,6,2,3,4,5,2,4,5,4,4,5,4,4,3,5,3,2,5,3,,,,330,,330,330,,0,0,,330,4,3,3,3,4,3,4,2,,,2,3,1,2,1,0,,2.75,2.75,3.75,3.25,3.86666666666667,3.25,3.25,2,,,,,,,,
10,1,2.3,2,2,2,3,2,3,3,4,3,3,5,2,3,3,4,3,4,4,4,4,3,3,4,4,4,3,1,3,1,14,10,5,2,1,1,6,5,5,5,5,5,3,4,6,5,5,6,5,5,6,6,5,6,5,5,5,5,4,5,4,6,5,5,6,6,,,,200,,200,200,,0,0,,200,5,5,5,5,4,4,4,4,,,2,1,3,2,3,2,,2.5,4,2.5,2.75,5.13333333333333,5,4,2,,,,,,,,
11,1,2.5,3,4,1,3,4,4,2,4,3,2,3,3,3,3,4,2,3,3,2,4,3,3,4,3,3,4,3,3,1,10,14,5,2,1,2,6,5,6,5,5,6,6,5,5,4,4,6,6,5,5,6,5,5,6,5,5,6,5,6,4,7,6,5,5,5,,,,200,,200,200,,0,0,,200,4,5,5,5,5,5,5,4,,,2,3,1,2,1,0,,3.5,3.5,3,2,5.33333333333333,4.75,4.75,2,,,,,,,,
16,1,1,4,3,5,4,5,4,4,3,5,5,4,4,5,5,5,2,4,4,4,4,1,1,4,4,4,4,3,2,2,16,16,1,2,1,1,7,7,7,6,6,6,7,6,5,6,7,5,6,6,6,5,1,7,6,6,6,6,4,6,4,7,7,5,6,6,,,,130,,130,130,,0,0,,130,1,2,1,1,5,6,5,6,,,3,2,2,3,2,,1,4,4,4,4.75,5.83333333333333,1.25,5.5,1,,,,,,,,
11,1,3.2,2,2,2,2,4,2,5,4,1,4,4,4,2,4,4,5,4,4,2,2,2,2,4,4,4,3,3,3,1,16,16,4,2,1,2,5,5,5,6,7,6,2,5,4,3,3,5,7,6,7,2,2,3,5,4,4,6,5,6,4,7,4,2,3,3,,,,500,,500,500,,1,1,,500,3,4,2,4,3,4,2,4,,,3,2,2,3,2,,1,2,3.5,3.5,3.75,4.53333333333333,3.25,3.25,2,,,,,,,,
11,1,2.2,2,3,2,4,1,2,3,3,4,2,5,3,5,1,1,2,4,4,2,3,2,1,4,4,3,4,2,4,1,10,14,4,2,1,2,5,6,6,5,7,7,5,6,4,4,5,6,7,6,7,5,2,5,4,7,6,7,6,5,3,7,7,1,7,5,,,,330,,330,330,,0,0,,330,5,6,3,5,6,6,5,6,,,2,3,1,2,1,0,,3,3.25,2.5,2,5.43333333333333,4.75,5.75,2,,,,,,,,
9,1,1.3,5,1,2,4,4,4,4,5,1,3,4,1,4,4,2,2,3,4,4,4,4,4,4,4,2,2,1,4,2,16,16,0,2,1,1,2,7,4,6,6,6,7,7,7,6,6,5,7,4,7,2,5,7,7,4,6,6,5,7,5,7,6,6,7,6,,,,100,,100,100,,0,0,,100,5,6,6,7,5,6,6,6,,,3,2,2,3,2,,1,3.5,3.75,2,3.25,5.76666666666667,6,5.75,2,,,,,,,,
11,1,2.6,4,2,1,4,4,4,2,5,2,3,3,2,4,2,1,2,4,4,2,3,1,1,3,3,3,3,4,3,2,16,16,1,2,1,2,7,6,5,4,5,3,6,4,5,4,6,7,5,4,4,6,4,5,5,5,3,3,4,4,4,3,5,6,6,6,,,,500,,500,500,,1,1,,500,5,6,3,6,6,5,4,5,,,3,2,2,3,2,,1,3.5,3.25,2.5,2,4.8,5,5,2,,,,,,,,
11,1,2.3,2,4,4,5,5,2,5,3,3,5,4,4,3,4,3,4,4,4,3,3,2,3,4,4,3,2,3,4,2,16,16,1,2,1,2,5,6,5,7,6,7,5,7,6,6,5,5,6,4,5,5,5,6,6,6,7,6,6,4,5,6,6,4,6,4,,,,130,,130,130,,0,0,,130,7,7,4,7,6,7,5,6,,,3,2,2,3,2,,1,2.75,3.75,4,4.5,5.56666666666667,6.25,6,2,,,,,,,,
11,1,2.1,4,2,2,4,5,4,4,5,4,4,5,4,4,5,4,5,4,4,4,4,1,2,4,4,4,4,2,3,2,16,16,3,2,2,2,6,6,3,7,6,7,7,6,2,6,6,6,5,6,7,2,3,6,6,5,7,7,4,6,3,7,5,4,1,7,,,,330,,330,330,,0,0,,330,4,5,3,5,3,4,2,2,,,3,2,2,3,2,,1,3.5,4.5,4.5,3.75,5.3,4.25,2.75,1,,,,,,,,
0,2,1.1,2,4,1,3,4,3,4,1,3,2,5,4,3,5,2,4,4,3,1,3,1,2,4,4,3,3,4,4,1,14,10,2,2,2,2,6,7,5,7,7,6,6,7,5,5,7,5,6,6,6,3,4,5,6,6,7,6,6,6,6,7,6,3,1,4,,,,100,,100,100,,0,0,,100,7,6,4,5,7,7,6,6,,,2,1,3,2,3,2,,3,2.75,3.75,3,5.56666666666667,5.5,6.5,2,,,,,,,,
11,1,2.3,5,2,4,4,2,5,3,4,1,3,4,1,3,3,3,2,4,4,2,3,3,3,4,4,4,3,4,3,2,14,10,7,1,1,2,7,6,6,7,7,6,6,6,5,6,5,7,5,6,6,5,6,6,5,4,5,7,5,6,6,6,5,5,7,5,,,,300,,300,300,,0,0,,300,6,6,6,6,6,5,5,6,,,2,1,3,2,3,2,,3.75,3.75,1.5,3.25,5.8,6,5.5,2,,,,,,,,
11,1,2.1,5,2,2,5,1,4,4,5,2,4,5,1,4,4,3,1,4,4,4,4,3,4,4,4,3,3,3,4,1,16,16,3,2,1,2,7,6,6,7,7,7,7,6,7,5,4,7,5,7,6,7,4,6,5,7,7,6,4,2,3,7,5,5,7,5,,,,200,,200,200,,0,0,,200,7,7,6,6,7,7,7,7,,,3,2,2,3,2,,1,3.75,4.5,1.25,3.5,5.8,6.5,7,2,,,,,,,,
11,1,2.3,2,4,3,3,4,3,4,4,4,3,4,4,4,4,3,4,4,3,4,4,1,1,4,3,3,3,2,2,2,4,8,0,2,1,2,6,5,5,5,5,5,6,5,5,4,5,5,6,6,6,6,4,4,4,5,5,5,4,6,4,6,5,5,4,5,,,,270,,270,270,,0,0,,270,4,3,1,4,5,4,5,5,,,1,2,0,1,0,1,,3.25,3.5,4,3.5,5.03333333333333,3,4.75,1,,,,,,,,
1,1,1.8,3,1,1,4,2,3,2,4,3,2,4,4,2,2,2,2,4,3,2,1,2,1,4,4,3,4,2,3,1,2,2,5,1,1,2,7,5,6,5,4,3,7,5,6,6,5,6,5,5,5,7,6,7,4,7,5,6,3,4,4,6,3,6,6,6,,,,230,,230,230,,0,0,,230,4,4,2,3,6,6,5,6,,,0,1,1,0,1,2,,2.25,3.5,2.75,1.75,5.33333333333333,3.25,5.75,1,,,,,,,,
10,1,2.1,2,5,2,3,4,2,1,3,3,1,3,1,2,3,1,2,4,4,4,4,2,2,4,4,4,1,3,2,1,16,16,3,2,1,2,7,7,4,6,5,3,7,6,5,1,5,5,3,6,3,7,4,3,5,6,7,6,4,4,2,6,5,6,3,7,,,,400,,400,400,,0,0,,400,5,4,3,4,5,5,5,5,,,3,2,2,3,2,,1,2.75,2.5,2.5,1.75,4.93333333333333,4,5,2,,,,,,,,
10,1,3.3,1,5,1,3,3,3,4,4,2,3,3,4,4,2,2,3,4,3,3,3,2,2,4,2,4,4,3,3,1,10,14,2.5,2,2,2,6,7,4,5,4,6,4,6,5,4,5,6,3,4,5,3,3,5,4,5,5,7,4,4,4,5,7,2,3,6,,,,500,,500,500,,1,1,,500,5,7,5,6,3,3,3,3,,,2,3,1,2,1,0,,3.25,3,3,2.5,4.7,5.75,3,2,,,,,,,,
6,1,1,3,3,3,4,3,3,3,3,2,2,4,3,4,3,2,2,4,4,2,2,4,4,4,4,4,4,2,4,1,10,14,3,2,1,1,6,6,6,6,6,5,5,6,5,6,4,6,5,5,5,6,5,6,5,5,5,6,4,6,5,6,6,5,6,5,,,,130,,130,130,,0,0,,130,6,6,6,6,6,2,6,6,,,2,3,1,2,1,0,,3.25,3.25,2.5,2.75,5.43333333333333,6,5,2,,,,,,,,
10,1,3.3,2,4,2,2,3,2,3,3,4,5,2,1,3,4,1,2,4,4,4,4,3,2,4,4,4,3,2,2,1,10,14,4,2,2,2,5,5,4,5,5,5,5,4,4,3,3,3,4,4,5,4,3,4,4,4,5,5,4,5,3,5,5,4,4,4,,,,400,,400,400,,0,0,,400,6,6,5,5,2,2,2,2,,,2,3,1,2,1,0,,2.75,2,2.5,3.5,4.23333333333333,5.5,2,2,,,,,,,,
11,1,2.4,3,1,3,4,4,4,5,4,3,2,4,3,4,3,4,2,4,4,3,3,3,3,4,3,4,2,4,3,1,16,16,5,2,1,2,5,6,4,5,5,7,4,6,6,6,3,5,6,5,5,4,4,5,5,5,5,6,5,5,5,6,7,5,6,7,,,,200,,200,200,,0,0,,200,6,5,6,6,5,5,5,4,,,3,2,2,3,2,,1,3,4,3,3.25,5.26666666666667,5.75,4.75,1,,,,,,,,
10,1,2.2,2,5,1,4,2,4,2,4,2,5,4,2,4,1,2,1,3,4,4,3,3,3,3,4,4,4,2,2,1,10,14,2,2,2,1,7,7,3,7,7,5,2,7,2,4,5,6,6,6,6,2,1,6,7,5,7,7,7,5,4,7,5,3,6,7,,,,200,,200,200,,0,0,,200,6,7,7,6,5,4,5,4,,,2,3,1,2,1,0,,3.75,3.5,1.75,2.25,5.3,6.5,4.5,2,,,,,,,,
11,1,2.5,2,3,1,4,5,3,2,4,3,2,4,2,5,3,2,3,4,4,4,4,3,3,4,2,2,4,3,4,1,16,16,3,2,1,2,6,6,5,7,7,6,6,6,6,7,5,6,7,7,7,6,5,6,6,7,7,7,5,5,5,5,5,6,6,6,,,,130,,130,130,,0,0,,130,6,6,5,6,4,4,3,3,,,3,2,2,3,2,,1,3.25,3.5,3.25,2,6.03333333333333,5.75,3.5,2,,,,,,,,
11,1,2.8,2,4,1,4,3,2,2,5,3,4,4,3,3,5,2,3,3,4,4,4,2,3,3,3,3,3,4,2,2,10,14,3,1,1,2,6,3,5,5,4,6,3,4,3,3,3,6,4,3,2,5,2,3,4,5,4,3,3,5,4,6,2,4,5,3,,,,370,,370,370,,0,0,,370,6,6,5,4,3,4,5,3,,,2,3,1,2,1,0,,2.75,3.75,3,3,3.93333333333333,5.25,3.75,1,,,,,,,,
11,1,3.1,2,5,2,1,3,1,3,1,3,4,2,2,1,1,1,1,4,4,4,4,1,1,4,4,3,3,2,3,1,16,16,3,2,1,2,7,5,3,3,4,3,2,4,3,1,2,6,3,2,3,4,2,4,5,4,5,2,1,2,3,4,4,2,2,4,,,,330,,330,330,,0,0,,330,3,5,3,3,5,5,4,4,,,3,2,2,3,2,,1,2.25,1.25,2.25,2.5,3.3,3.5,4.5,2,,,,,,,,
11,1,1.8,2,3,1,3,5,2,1,5,2,1,3,4,3,2,1,2,4,4,2,1,3,3,4,4,3,2,4,3,1,16,16,3,2,1,1,1,5,1,6,7,2,4,5,2,5,4,7,6,3,5,1,2,5,5,2,4,3,5,5,2,5,1,4,1,4,,,,230,,230,230,,0,0,,230,7,7,6,6,6,6,4,3,,,3,2,2,3,2,,1,2.5,3,3.25,1.25,3.73333333333333,6.5,4.75,2,,,,,,,,
11,1,1.2,4,2,1,5,4,4,3,5,1,3,5,1,4,2,5,3,4,4,2,2,4,4,4,3,3,2,2,4,2,14,10,0,2,1,2,7,4,6,6,6,7,5,4,7,5,5,7,7,6,4,7,7,7,5,6,4,5,3,6,7,7,4,5,6,7,,,,130,,130,130,,0,0,,130,7,7,7,7,5,6,5,4,,,2,1,3,2,3,2,,3.5,5,2.25,2.25,5.73333333333333,7,5,1,,,,,,,,
10,1,3.3,3,2,1,2,5,4,1,3,5,2,2,4,2,4,2,4,3,4,3,2,3,2,3,4,3,2,2,2,2,8,4,6,1,2,2,6,3,5,6,3,4,4,5,5,5,3,3,5,2,5,2,2,6,3,5,3,6,3,7,1,7,2,3,2,5,,,,500,,500,500,,1,1,,500,5,6,6,6,3,2,2,2,,,1,0,2,1,2,3,,2.75,2.25,4.5,2,4.03333333333333,5.75,2.25,2,,,,,,,,
11,1,2.3,2,4,4,3,3,2,5,4,2,4,4,1,3,2,4,3,3,4,2,2,1,1,4,3,2,2,4,3,2,14,10,0,2,1,2,5,3,3,3,3,5,2,3,3,4,4,5,5,3,6,2,2,5,5,3,3,4,4,2,3,6,4,3,5,3,,,,270,,270,270,,0,0,,270,4,5,1,4,4,4,5,4,,,2,1,3,2,3,2,,2.75,3.75,2.25,3.75,3.7,3.5,4.25,2,,,,,,,,
10,1,2.1,2,3,4,4,5,2,2,4,2,2,4,4,2,5,2,2,4,4,3,4,1,2,4,4,4,3,3,3,2,16,16,0,2,1,2,6,7,5,6,6,7,7,7,6,6,6,6,6,5,6,5,5,6,6,6,7,6,6,5,4,7,6,6,5,7,,,,130,,130,130,,0,0,,130,6,6,6,5,5,6,5,5,,,3,2,2,3,2,,1,2.25,3.5,3.25,3.25,5.96666666666667,5.75,5.25,2,,,,,,,,
11,1,2.1,3,4,3,2,4,1,2,4,3,1,4,2,4,2,2,4,4,4,3,3,1,1,4,4,4,3,2,3,2,14,10,0,2,1,2,6,5,6,6,7,5,7,6,4,7,7,6,5,5,5,5,4,7,7,5,6,5,5,5,1,7,5,5,4,7,,,,330,,330,330,,0,0,,330,4,4,1,4,5,4,6,4,,,2,1,3,2,3,2,,3,3,3.25,2,5.5,3.25,4.75,1,,,,,,,,
0,2,3.2,3,2,2,3,4,4,4,2,1,4,4,1,5,4,3,2,4,4,3,4,2,2,3,4,4,3,3,3,2,8,4,0,2,1,1,6,4,6,6,4,5,2,4,4,6,4,7,5,6,6,6,5,5,7,3,4,5,4,7,5,6,3,7,6,4,,,,230,,230,230,,0,0,,230,5,6,5,5,5,6,6,5,,,1,0,2,1,2,3,,3.5,3,2,3.5,5.06666666666667,5.25,5.5,2,,,,,,,,
10,1,1.8,1,5,1,4,4,1,2,5,3,2,4,3,1,2,4,4,4,4,4,4,1,2,3,4,4,2,3,2,2,8,4,0,2,1,2,6,5,2,5,4,3,6,4,1,4,2,2,3,2,7,5,4,7,4,3,5,4,5,1,4,6,4,1,1,5,,,,500,,500,500,,1,1,,500,5,5,3,3,5,5,4,4,,,1,0,2,1,2,3,,2,4.25,3.5,1.75,3.83333333333333,4,4.5,1,,,,,,,,
10,1,1.6,2,5,1,5,4,2,5,2,4,3,4,3,4,5,3,1,4,4,4,4,3,3,4,3,4,4,2,3,2,8,4,2,2,2,2,7,3,5,5,5,6,7,4,4,5,5,7,6,6,6,7,4,4,6,6,5,6,4,6,4,7,5,6,3,6,,,,200,,200,200,,0,0,,200,6,6,6,6,6,5,6,4,,,1,0,2,1,2,3,,3.25,3.5,3,3.5,5.33333333333333,6,5.25,2,,,,,,,,
11,1,2.9,2,3,3,2,4,2,4,1,4,4,3,2,2,2,2,1,4,4,3,3,1,3,4,4,3,4,4,3,1,16,16,3,2,1,2,7,5,6,6,6,5,6,5,6,4,5,7,5,5,6,6,5,6,4,5,5,4,4,5,4,7,6,6,5,5,,,,400,,400,400,,0,0,,400,5,5,2,2,7,6,6,6,,,3,2,2,3,2,,1,2.25,2,2.75,3.25,5.36666666666667,3.5,6.25,2,,,,,,,,
11,1,2.2,2,1,3,3,1,2,3,4,1,4,4,2,3,4,2,1,2,4,2,2,4,4,2,2,3,2,2,4,2,16,16,0,2,1,1,1,6,5,6,4,4,3,6,6,3,6,7,6,5,5,1,7,7,7,6,6,6,7,7,5,7,7,7,6,6,,,,400,,400,400,,0,0,,400,7,7,7,7,6,6,5,6,,,3,2,2,3,2,,1,2,3.25,1.25,3.5,5.5,7,5.75,2,,,,,,,,
11,1,2.1,3,3,4,3,2,2,3,2,1,3,4,2,3,4,1,1,4,4,4,4,2,3,4,3,1,4,2,3,1,4,8,4,1,1,2,7,3,4,6,7,7,2,4,5,4,3,6,4,5,3,5,4,4,7,5,3,4,5,4,2,5,2,4,4,4,,,,200,,200,200,,0,0,,200,6,7,6,6,5,4,5,4,,,1,2,0,1,0,1,,2.75,2.5,1.5,3.5,4.4,6.25,4.5,2,,,,,,,,
11,1,3.1,2,5,1,3,5,2,2,2,5,5,2,4,1,5,2,4,4,4,3,4,3,3,4,4,4,4,1,4,1,8,4,1,2,1,2,5,7,4,7,7,7,4,7,6,2,3,5,5,5,7,3,3,6,7,7,7,7,7,7,2,6,6,3,2,5,,,,370,,370,370,,0,0,,370,6,7,7,7,4,5,4,3,,,1,0,2,1,2,3,,2.5,2.25,4.5,3.25,5.3,6.75,4,2,,,,,,,,
14,1,1.8,2,3,4,4,4,3,4,3,3,4,5,3,3,4,2,2,3,3,2,3,1,1,3,4,3,3,3,3,2,16,16,0,2,1,2,5,5,5,5,5,5,4,6,5,5,5,6,6,5,7,5,4,5,5,5,5,6,4,6,4,6,6,5,5,4,,,,130,,130,130,,0,0,,130,4,4,2,3,6,5,4,4,,,3,2,2,3,2,,1,2.75,3.5,3,4,5.13333333333333,3.25,4.75,1,,,,,,,,
10,1,3.6,4,2,3,4,5,4,3,4,3,3,4,2,4,5,2,2,4,4,4,4,3,3,4,4,3,3,4,3,1,16,16,5,2,1,2,7,7,6,6,7,6,6,7,6,5,5,6,6,6,7,7,4,5,6,6,7,6,6,7,3,7,6,7,6,6,,,,500,,500,500,,1,1,,500,5,6,5,6,3,4,5,4,,,3,2,2,3,2,,1,3.5,3.5,3,3.5,6.06666666666667,5.5,4,2,,,,,,,,
0,2,3,4,3,2,4,4,3,3,3,4,3,4,2,4,4,3,5,4,3,4,4,1,2,4,4,4,4,4,3,2,4,8,0,2,1,1,6,6,5,6,7,7,4,6,6,5,5,6,6,5,6,6,6,7,6,6,7,7,5,7,5,6,5,6,5,5,,,,170,,170,170,,0,0,,170,4,4,1,5,5,4,5,5,,,1,2,0,1,0,1,,3.5,3.5,3.75,3,5.83333333333333,3.5,4.75,2,,,,,,,,
10,1,2.9,4,2,2,4,4,4,1,4,4,1,4,2,5,4,3,2,2,4,4,4,3,2,4,3,3,4,3,3,2,14,10,6,1,1,1,2,6,4,5,5,7,7,7,7,2,4,3,7,6,6,3,5,6,6,6,2,5,2,5,6,6,7,5,6,6,,,,300,,300,300,,0,0,,300,7,7,7,6,5,2,4,5,,,2,1,3,2,3,2,,3.75,3.75,3,2,5.13333333333333,6.75,4,1,,,,,,,,
11,1,3.2,2,3,2,3,3,4,4,5,4,4,4,1,5,5,2,4,4,4,4,4,3,3,4,4,4,4,2,4,1,4,8,6,2,2,2,7,7,6,6,6,5,1,7,5,6,7,7,6,5,7,7,4,6,6,6,6,4,2,7,1,7,2,7,1,7,,,,500,,500,500,,1,1,,500,6,7,7,7,4,4,5,4,,,1,2,0,1,0,1,,3.5,3.5,3,3.75,5.36666666666667,6.75,4.25,2,,,,,,,,
11,1,1.9,2,4,2,3,4,4,4,4,2,2,5,2,2,4,2,2,4,4,3,4,3,3,3,4,3,4,4,4,1,16,16,3,1,1,2,6,6,4,6,4,5,7,6,6,6,4,7,5,4,5,7,6,6,5,5,6,7,4,7,6,7,6,7,6,7,,,,230,,230,230,,0,0,,230,6,7,6,6,6,5,6,5,,,3,2,2,3,2,,1,3,3.5,2.5,3,5.76666666666667,6.25,5.5,2,,,,,,,,
0,2,1.2,4,3,2,4,2,3,4,4,3,2,5,3,3,3,1,3,3,4,3,4,3,2,4,2,3,2,3,3,2,16,16,0,2,2,2,4,6,4,7,6,3,7,4,3,3,5,6,6,4,5,3,2,3,4,5,3,4,3,6,4,7,3,1,6,4,,,,170,,170,170,,0,0,,170,5,6,3,6,6,6,4,5,,,3,2,2,3,2,,1,3.25,3.5,2.75,2.75,4.36666666666667,5,5.25,2,,,,,,,,
3,1,2.4,2,3,3,4,2,3,2,5,3,4,4,2,4,4,2,2,4,4,4,4,3,4,4,4,4,3,4,4,2,16,16,2,2,2,1,7,6,6,7,5,4,7,6,6,6,7,5,7,6,7,6,7,6,6,6,7,5,4,4,7,7,5,6,5,7,,,,270,,270,270,,0,0,,270,7,6,7,6,3,4,3,3,,,3,2,2,3,2,,1,3,3.75,2.25,3.25,6,6.5,3.25,2,,,,,,,,
10,1,2.1,2,4,2,3,2,2,3,2,4,3,4,2,3,5,3,2,4,4,3,3,1,2,4,4,4,3,4,3,2,8,4,0,2,1,2,5,5,3,7,6,6,7,6,7,3,6,6,3,3,4,3,4,4,4,5,6,5,6,5,4,7,5,4,7,6,,,,170,,170,170,,0,0,,170,4,3,1,3,6,6,5,4,,,1,0,2,1,2,3,,2.75,3,2.5,3.25,5.06666666666667,2.75,5.25,2,,,,,,,,
11,1,1.4,2,3,4,4,4,3,4,4,4,2,4,3,2,4,4,4,4,4,3,4,2,1,4,4,4,3,3,4,2,16,16,0,2,1,2,5,5,5,5,4,5,5,5,5,6,4,6,5,5,5,5,4,5,5,7,6,5,5,6,4,6,5,4,7,6,,,,170,,170,170,,0,0,,170,6,6,4,6,7,6,5,6,,,3,2,2,3,2,,1,2.5,4,3.75,3.5,5.16666666666667,5.5,6,1,,,,,,,,
11,1,1.7,4,2,4,3,4,4,2,4,4,4,4,2,3,4,4,2,4,4,4,3,4,3,3,4,3,2,3,3,1,14,10,3,2,1,2,5,3,4,4,2,5,5,4,5,6,6,5,3,5,5,4,5,6,6,6,3,6,1,5,5,6,3,4,5,5,,,,200,,200,200,,0,0,,200,6,6,6,5,4,5,5,5,,,2,1,3,2,3,2,,3.25,3.75,3,3.5,4.56666666666667,5.75,4.75,2,,,,,,,,
11,1,1.6,3,4,2,4,2,3,2,3,4,3,3,2,3,4,2,2,4,4,4,4,3,2,3,3,3,3,3,2,2,14,10,0,2,1,2,6,5,4,5,5,5,5,5,5,3,4,5,3,4,4,4,4,4,3,5,5,5,4,5,4,5,4,3,4,4,,,,100,,100,100,,0,0,,100,5,6,5,7,5,6,5,5,,,2,1,3,2,3,2,,3.25,3,2.5,2.75,4.36666666666667,5.75,5.25,2,,,,,,,,
11,1,1.5,5,3,4,4,3,5,4,5,2,2,5,4,4,4,4,3,4,4,4,3,1,2,4,4,3,4,3,3,2,4,8,0,2,2,2,7,5,6,7,7,5,7,5,7,7,6,6,6,7,7,7,6,7,5,6,5,6,5,7,6,7,5,7,4,7,,,,170,,170,170,,0,0,,170,4,4,4,4,5,5,5,5,,,1,2,0,1,0,1,,4.25,4.5,3,3.5,6.16666666666667,4,5,1,,,,,,,,
11,1,1.7,4,2,3,2,4,4,4,2,4,5,4,4,2,5,2,5,3,4,3,4,1,1,3,4,2,4,1,3,2,10,14,0,2,1,2,5,5,6,5,5,3,5,3,3,5,2,4,5,4,4,2,2,4,4,5,3,6,5,5,5,6,4,2,2,4,,,,200,,200,200,,0,0,,200,4,4,1,3,5,4,5,4,,,2,3,1,2,1,0,,3,2.5,4.25,4.25,4.1,3,4.5,1,,,,,,,,
16,1,1.5,2,4,2,4,2,3,3,5,2,4,5,5,4,2,3,4,3,4,4,4,4,3,4,4,4,3,2,4,1,16,16,2,2,1,1,3,7,4,7,7,5,5,7,4,6,5,5,7,4,7,2,4,5,5,3,7,5,2,3,5,7,7,2,4,3,,,,100,,100,100,,0,0,,100,7,7,6,7,5,7,6,5,,,3,2,2,3,2,,1,3.25,4.25,3.25,2.75,4.9,6.75,5.75,2,,,,,,,,
11,1,2.4,2,4,2,3,4,3,5,4,2,3,4,4,4,2,2,1,4,4,3,3,4,3,4,4,3,2,3,3,2,10,14,1,2,1,2,6,5,4,4,4,6,6,6,5,6,5,6,4,4,4,6,4,5,6,6,5,6,4,5,4,5,4,6,5,5,,,,500,,500,500,,1,1,,500,5,5,5,4,5,5,4,4,,,2,3,1,2,1,0,,3.25,3.25,2.75,3,5.03333333333333,4.75,4.5,2,,,,,,,,
10,1,1.2,3,3,2,4,4,4,2,5,4,2,4,2,4,3,4,3,3,3,2,3,4,4,3,4,4,2,3,4,1,16,16,2.5,2,1,2,7,7,6,7,7,7,7,7,7,6,6,7,7,6,7,6,7,6,6,6,7,7,7,7,7,7,7,6,7,7,,,,130,,130,130,,0,0,,130,7,6,7,7,6,6,6,5,,,3,2,2,3,2,,1,3.5,4.25,3.25,2.25,6.7,6.75,5.75,2,,,,,,,,
11,1,2.8,2,4,5,4,2,4,5,3,2,5,4,1,4,5,5,2,4,4,3,3,4,4,4,4,3,4,2,4,1,14,10,5,2,1,2,7,5,6,4,6,6,7,5,5,6,4,6,5,4,4,7,2,5,6,6,5,5,3,5,2,6,5,7,6,5,,,,300,,300,300,,0,0,,300,7,7,7,7,5,5,5,5,,,2,1,3,2,3,2,,3.5,4,1.75,5,5.16666666666667,7,5,2,,,,,,,,
11,1,2.4,4,2,2,4,2,4,2,4,3,2,4,2,3,2,2,2,4,4,3,4,2,3,3,3,4,2,4,3,1,16,16,5,2,1,2,7,5,6,6,5,3,3,5,6,5,5,5,3,5,3,6,3,5,5,4,5,3,5,5,2,5,5,6,5,6,,,,330,,330,330,,0,0,,330,5,6,6,6,4,5,5,4,,,3,2,2,3,2,,1,3.25,3.5,2.25,2,4.73333333333333,5.75,4.5,2,,,,,,,,
11,1,1.8,4,1,2,4,2,4,2,5,1,3,4,1,5,2,2,3,4,4,4,4,2,2,4,3,3,4,3,3,2,10,14,3,1,1,1,7,6,6,5,6,6,6,5,5,7,5,7,4,6,6,6,5,7,6,5,5,5,3,4,5,6,5,6,5,6,,,,500,,500,500,,1,1,,500,6,7,6,5,5,6,6,4,,,2,3,1,2,1,0,,3.5,3.75,1.75,2.25,5.53333333333333,6,5.25,2,,,,,,,,
11,1,1.4,5,1,1,5,4,5,2,5,1,2,5,1,5,4,4,4,4,4,2,2,1,1,4,4,4,4,1,4,1,2,2,2,2,1,1,6,4,7,6,7,6,7,7,6,7,6,7,7,7,7,7,7,7,6,5,7,7,2,7,6,7,6,7,7,7,,,,500,,500,500,,1,1,,500,6,6,3,6,7,7,6,6,,,0,1,1,0,1,2,,4,4.75,2.5,2.25,6.4,5.25,6.5,1,,,,,,,,
11,1,1.8,2,3,3,3,2,2,4,3,2,2,4,2,3,5,2,2,4,4,4,4,2,3,4,4,4,4,2,3,2,16,16,3,1,1,2,6,6,6,6,5,6,1,6,6,6,5,5,5,6,7,5,4,5,6,6,6,6,5,6,4,6,5,5,3,4,,,,230,,230,230,,0,0,,230,6,6,6,6,5,5,5,5,,,3,2,2,3,2,,1,2.5,3,2,3.5,5.26666666666667,6,5,2,,,,,,,,
11,1,3.2,4,2,2,2,1,5,2,4,2,3,4,1,4,5,2,1,3,4,4,4,3,3,4,4,4,4,4,4,1,16,16,3,2,1,2,6,4,5,6,6,5,5,5,7,5,3,6,5,6,6,7,6,6,5,4,6,6,4,6,4,7,4,7,6,4,,,,230,,230,230,,0,0,,230,7,7,7,7,4,4,5,3,,,3,2,2,3,2,,1,3.75,3,1.25,3,5.4,7,4,2,,,,,,,,
13,1,1.3,2,5,3,4,3,2,4,4,3,4,5,2,5,3,4,3,3,4,2,2,4,4,4,4,4,4,3,3,2,16,16,6,1,1,1,5,6,4,7,7,6,5,6,5,7,5,6,6,5,7,5,6,7,6,7,6,6,3,6,7,7,6,5,6,6,,,,100,,100,100,,0,0,,100,7,7,7,7,6,6,7,6,,,3,2,2,3,2,,1,3.5,4.25,2.75,3.5,5.86666666666667,7,6.25,2,,,,,,,,
16,1,2.5,2,3,2,4,4,2,4,4,4,3,4,2,3,3,3,2,3,4,2,2,1,2,3,4,4,4,2,3,2,16,16,4,2,1,1,6,6,3,7,7,6,7,6,7,5,4,5,6,6,6,3,5,5,5,4,5,6,5,7,4,7,5,2,6,5,,,,230,,230,230,,0,0,,230,4,5,2,5,6,6,5,5,,,3,2,2,3,2,,1,2.5,3.75,3,3,5.36666666666667,4,5.5,2,,,,,,,,
11,1,1.7,1,5,1,4,5,2,3,5,4,4,4,4,1,2,2,4,4,4,4,3,2,3,4,4,4,3,2,3,1,16,16,3,2,1,2,5,5,3,4,5,5,2,5,3,3,4,4,4,5,5,3,4,5,6,5,5,7,5,5,5,6,5,2,3,3,,,,130,,130,130,,0,0,,130,6,5,5,5,4,5,4,3,,,3,2,2,3,2,,1,2.25,3.75,4.25,2.5,4.36666666666667,5.25,4,2,,,,,,,,
6,1,1.6,4,2,4,4,4,5,5,4,3,4,4,3,4,4,2,1,3,3,4,4,1,2,3,4,4,4,3,3,2,10,14,0,2,1,2,7,6,5,6,6,5,7,6,5,6,5,5,6,6,5,7,5,6,5,6,5,5,4,6,5,7,5,6,5,5,,,,370,,370,370,,0,0,,370,4,4,1,4,4,5,4,4,,,2,3,1,2,1,0,,3.75,3.5,2.75,4.25,5.6,3.25,4.25,2,,,,,,,,
11,1,2.3,5,1,5,4,5,1,4,4,4,4,5,4,2,2,4,4,4,4,2,3,1,1,4,4,4,2,2,4,2,16,16,1,2,2,2,7,7,7,7,7,7,7,7,6,6,5,7,7,7,7,7,5,7,7,6,7,7,5,7,3,7,7,7,2,7,,,,300,,300,300,,0,0,,300,6,7,4,7,5,6,5,5,,,3,2,2,3,2,,1,2.25,4.25,4.25,3.75,6.4,6,5.25,2,,,,,,,,
9,1,2.1,2,3,2,2,3,4,3,3,4,3,2,3,3,2,1,3,4,4,3,4,3,3,4,2,2,3,2,4,1,16,16,3,1,1,2,6,5,6,6,6,6,4,5,5,3,4,6,5,6,6,5,4,5,6,5,6,5,3,4,4,6,4,4,5,5,,,,300,,300,300,,0,0,,300,6,7,6,6,5,6,6,5,,,3,2,2,3,2,,1,3,2,3.25,2.5,5,6.25,5.5,2,,,,,,,,
11,1,1.4,4,1,2,4,5,4,3,4,5,5,2,1,1,3,4,4,4,4,3,4,1,3,4,3,3,4,3,3,1,16,16,2,2,1,1,6,6,5,6,7,6,4,6,6,7,4,5,6,6,7,6,4,7,6,7,7,6,5,5,4,7,7,6,5,6,,,,130,,130,130,,0,0,,130,5,5,2,5,5,6,4,5,,,3,2,2,3,2,,1,2.5,3.5,3.75,3.25,5.83333333333333,4.25,5,1,,,,,,,,
11,1,2.5,2,4,3,2,4,2,2,3,4,4,4,4,3,2,3,4,2,3,2,2,2,2,3,4,3,4,3,3,2,14,10,0,2,1,2,4,4,3,5,4,3,2,3,3,4,3,4,5,4,5,3,3,4,4,5,6,3,3,5,4,7,5,3,4,3,,,,200,,200,200,,0,0,,200,6,6,5,6,5,5,4,5,,,2,1,3,2,3,2,,2.75,3,4,2.75,3.93333333333333,5.75,4.75,2,,,,,,,,
11,1,1.5,4,3,2,4,3,4,5,4,3,5,4,1,3,2,4,5,4,2,3,2,4,4,4,4,4,3,2,2,2,16,16,1,2,1,1,6,5,6,6,7,5,6,2,6,6,4,6,6,2,7,7,2,3,5,6,6,5,2,7,4,7,5,7,7,5,,,,300,,300,300,,0,0,,300,4,2,2,3,4,3,4,6,,,3,2,2,3,2,,1,3.5,4,3,3.5,5.26666666666667,2.75,4.25,2,,,,,,,,
11,1,2,5,1,1,4,3,5,1,4,2,4,5,2,5,5,5,4,4,4,4,4,2,3,4,3,3,4,2,3,2,4,8,4,1,1,2,7,5,6,6,7,5,5,6,6,6,7,7,6,7,7,6,6,6,6,7,6,6,4,6,6,7,6,6,7,4,,,,330,,330,330,,0,0,,330,5,4,4,5,5,5,5,4,,,1,2,0,1,0,1,,4,4.5,2.75,2.75,6.06666666666667,4.5,4.75,1,,,,,,,,
11,1,1.2,4,2,2,2,4,4,2,4,4,2,4,4,4,2,2,2,4,4,3,2,4,3,3,4,4,4,2,4,1,16,16,3,2,1,2,7,5,5,6,5,6,7,5,6,6,5,6,6,4,7,7,6,6,3,5,6,3,4,5,5,7,5,7,7,7,,,,230,,230,230,,0,0,,230,6,7,6,6,5,5,6,2,,,3,2,2,3,2,,1,3.5,3,3.5,2,5.63333333333333,6.25,4.5,2,,,,,,,,
0,2,1.7,2,2,3,3,5,4,5,2,4,5,4,3,5,2,2,4,4,3,3,3,4,3,4,4,3,2,3,4,2,8,4,7,1,1,1,5,3,5,7,7,5,5,5,4,6,7,5,7,6,5,7,3,6,6,5,5,6,2,6,2,7,6,7,3,4,,,,500,,500,500,,1,1,,500,5,6,5,6,5,5,4,6,,,1,0,2,1,2,3,,3.25,2.75,4,3.75,5.23333333333333,5.5,5,1,,,,,,,,
11,1,2.3,3,5,3,3,4,4,2,3,3,3,3,3,2,3,4,5,3,3,3,4,2,2,3,4,4,3,4,2,2,10,14,1.5,2,1,2,7,6,4,5,5,4,5,5,3,7,3,5,4,5,5,7,4,6,7,4,6,4,7,6,4,5,5,7,5,3,,,,500,,500,500,,1,1,,500,4,5,5,5,4,4,4,4,,,2,3,1,2,1,0,,3.5,3.25,3.75,2.75,5.1,4.75,4,2,,,,,,,,
0,2,2.5,2,2,3,4,5,2,3,4,3,3,4,4,3,3,3,4,4,4,4,4,1,2,4,2,2,4,4,4,1,16,16,0.5,2,2,2,7,4,6,5,7,6,4,5,4,4,4,7,7,5,7,5,6,4,7,7,7,7,4,7,5,7,5,4,7,4,,,,300,,300,300,,0,0,,300,4,5,4,5,2,4,3,3,,,3,2,2,3,2,,1,2.25,3.75,4,3,5.6,4.5,3,2,,,,,,,,
9,1,2.8,3,3,4,3,5,3,2,4,3,4,4,4,4,4,3,4,3,4,4,4,1,2,4,4,3,2,3,3,2,14,10,0,2,2,2,5,7,5,6,5,7,4,6,5,4,7,4,5,7,6,3,3,5,4,4,5,6,5,6,2,7,5,6,3,4,,,,330,,330,330,,0,0,,330,5,6,4,6,5,5,4,5,,,2,1,3,2,3,2,,3.25,3.5,4,3.5,5.03333333333333,5.25,4.75,1,,,,,,,,
16,1,2.2,5,1,3,2,1,5,4,4,1,3,3,2,4,4,2,2,4,4,4,4,2,3,3,3,4,3,3,3,2,10,14,0.06,2,1,2,6,5,5,5,3,4,3,5,6,5,5,6,4,5,6,6,3,5,4,3,5,3,5,4,3,5,5,6,5,5,,,,230,,230,230,,0,0,,230,6,6,4,6,4,4,4,4,,,2,3,1,2,1,0,,3.75,2.75,1.5,3.5,4.66666666666667,5.5,4,2,,,,,,,,
16,1,1.9,2,3,3,2,4,3,5,4,2,5,4,3,3,3,1,2,3,4,3,3,2,2,4,2,3,4,3,3,1,14,10,2,2,1,1,6,6,4,4,5,5,3,5,5,5,5,6,5,5,5,6,5,5,5,6,6,6,4,5,1,6,2,5,4,4,,,,500,,500,500,,1,1,,500,6,7,5,6,5,6,5,5,,,2,1,3,2,3,2,,2.75,2.75,2.75,4,4.8,6,5.25,2,,,,,,,,
11,1,2.4,2,3,1,1,5,1,1,2,5,1,1,5,1,1,1,5,4,4,4,4,1,1,4,3,4,3,2,1,2,16,16,3,1,1,2,1,5,1,6,5,5,6,6,1,1,6,1,6,5,6,1,1,2,6,1,5,5,5,1,1,6,5,1,1,1,,,,500,,500,500,,1,1,,500,5,6,5,5,2,2,3,2,,,3,2,2,3,2,,1,1.75,1.25,5,1,3.43333333333333,5.25,2.25,2,,,,,,,,
11,1,2,5,3,1,4,3,5,1,5,1,5,4,1,5,4,2,1,4,4,3,3,4,3,4,4,4,3,4,3,1,2,2,3,2,1,2,7,6,7,7,7,7,7,6,6,7,6,7,7,6,7,7,4,7,6,7,6,6,4,7,4,7,6,7,6,7,,,,500,,500,500,,1,1,,500,6,6,6,6,5,5,5,5,,,0,1,1,0,1,2,,4.5,3.75,1.5,2.75,6.36666666666667,6,5,2,,,,,,,,
0,2,2,2,4,3,4,4,3,2,2,4,4,3,3,3,2,4,5,3,4,4,4,2,2,3,3,3,4,3,2,1,14,10,4,1,2,2,6,5,5,5,6,5,5,5,5,4,4,5,6,5,6,6,4,4,3,5,5,5,4,4,4,5,5,5,2,5,,,,500,,500,500,,1,1,,500,5,6,5,5,4,3,4,3,,,2,1,3,2,3,2,,3,3.25,4,2.75,4.76666666666667,5.25,3.5,2,,,,,,,,
11,1,3.2,2,2,2,2,4,2,5,4,1,4,4,4,2,4,4,5,4,4,2,2,2,2,4,4,4,3,3,3,1,16,16,4,2,1,2,5,5,5,6,7,6,2,5,4,3,3,5,7,6,7,2,2,3,5,4,4,6,5,6,4,7,4,2,3,3,,,,330,,330,330,,0,0,,330,3,4,2,4,3,4,2,4,,,3,2,2,3,2,,1,2,3.5,3.5,3.75,4.53333333333333,3.25,3.25,2,,,,,,,,
11,1,2.6,4,2,1,4,4,4,2,5,2,3,3,2,4,2,1,2,4,4,2,3,1,1,3,3,3,3,4,3,2,16,16,1,2,1,2,7,6,5,4,5,3,6,4,5,4,6,7,5,4,4,6,4,5,5,5,3,3,4,4,4,3,5,6,6,6,,,,500,,500,500,,1,1,,500,5,6,3,6,6,5,4,5,,,3,2,2,3,2,,1,3.5,3.25,2.5,2,4.8,5,5,2,,,,,,,,
11,1,2.1,5,2,2,5,1,4,4,5,2,4,5,1,4,4,3,1,4,4,4,4,3,4,4,4,3,3,3,4,1,16,16,3,2,1,2,7,6,6,7,7,7,7,6,7,5,4,7,5,7,6,7,4,6,5,7,7,6,4,2,3,7,5,5,7,5,,,,100,,100,100,,0,0,,100,7,7,6,6,7,7,7,7,,,3,2,2,3,2,,1,3.75,4.5,1.25,3.5,5.8,6.5,7,2,,,,,,,,
11,1,2.3,2,4,3,3,4,3,4,4,4,3,4,4,4,4,3,4,4,3,4,4,1,1,4,3,3,3,2,2,2,4,8,0,2,1,2,6,5,5,5,5,5,6,5,5,4,5,5,6,6,6,6,4,4,4,5,5,5,4,6,4,6,5,5,4,5,,,,270,,270,270,,0,0,,270,4,3,1,4,5,4,5,5,,,1,2,0,1,0,1,,3.25,3.5,4,3.5,5.03333333333333,3,4.75,1,,,,,,,,
10,1,2.4,1,5,1,2,5,2,2,4,4,2,5,4,2,4,2,2,4,4,4,4,1,3,4,4,4,3,1,3,1,16,16,2.5,2,2,2,3,5,5,7,4,3,6,6,5,3,4,4,4,5,5,3,6,4,4,6,5,5,2,6,6,7,3,4,7,5,,,,230,,230,230,,0,0,,230,5,6,3,6,5,4,3,5,,,3,2,2,3,2,,1,2.5,3.25,3.75,2.25,4.73333333333333,5,4.25,2,,,,,,,,
6,1,1,3,3,3,4,3,3,3,3,2,2,4,3,4,3,2,2,4,4,2,2,4,4,4,4,4,4,2,4,1,10,14,3,2,1,1,6,6,6,6,6,5,5,6,5,6,4,6,5,5,5,6,5,6,5,5,5,6,4,6,5,6,6,5,6,5,,,,100,,100,100,,0,0,,100,6,6,6,6,6,2,6,6,,,2,3,1,2,1,0,,3.25,3.25,2.5,2.75,5.43333333333333,6,5,2,,,,,,,,
11,1,1.2,4,2,1,5,4,4,3,5,1,3,5,1,4,2,5,3,4,4,2,2,4,4,4,3,3,2,2,4,2,14,10,0,2,1,2,7,4,6,6,6,7,5,4,7,5,5,7,7,6,4,7,7,7,5,6,4,5,3,6,7,7,4,5,6,7,,,,100,,100,100,,0,0,,100,7,7,7,7,5,6,5,4,,,2,1,3,2,3,2,,3.5,5,2.25,2.25,5.73333333333333,7,5,1,,,,,,,,
10,1,3.3,3,2,1,2,5,4,1,3,5,2,2,4,2,4,2,4,3,4,3,2,3,2,3,4,3,2,2,2,2,8,4,6,1,2,2,6,3,5,6,3,4,4,5,5,5,3,3,5,2,5,2,2,6,3,5,3,6,3,7,1,7,2,3,2,5,,,,500,,500,500,,1,1,,500,5,6,6,6,3,2,2,2,,,1,0,2,1,2,3,,2.75,2.25,4.5,2,4.03333333333333,5.75,2.25,2,,,,,,,,
10,1,3.6,4,2,3,4,5,4,3,4,3,3,4,2,4,5,2,2,4,4,4,4,3,3,4,4,3,3,4,3,1,16,16,5,2,1,2,7,7,6,6,7,6,6,7,6,5,5,6,6,6,7,7,4,5,6,6,7,6,6,7,3,7,6,7,6,6,,,,500,,500,500,,1,1,,500,5,6,5,6,3,4,5,4,,,3,2,2,3,2,,1,3.5,3.5,3,3.5,6.06666666666667,5.5,4,2,,,,,,,,
11,1,2.2,4,1,1,2,5,4,2,1,4,1,4,2,4,5,2,4,3,3,4,4,1,1,3,4,4,4,3,4,2,2,2,1,2,1,1,7,4,5,5,4,5,7,5,7,5,5,7,2,3,3,7,4,6,3,6,5,7,5,7,4,7,6,7,6,5,,,,400,,400,400,,0,0,,400,4,3,1,3,5,5,4,3,,,0,1,1,0,1,2,,3.25,2.25,3.75,2.25,5.3,2.75,4.25,2,,,,,,,,
0,2,1.2,4,3,2,4,2,3,4,4,3,2,5,3,3,3,1,3,3,4,3,4,3,2,4,2,3,2,3,3,2,16,16,0,2,2,2,4,6,4,7,6,3,7,4,3,3,5,6,6,4,5,3,2,3,4,5,3,4,3,6,4,7,3,1,6,4,,,,100,,100,100,,0,0,,100,5,6,3,6,6,6,4,5,,,3,2,2,3,2,,1,3.25,3.5,2.75,2.75,4.36666666666667,5,5.25,2,,,,,,,,
11,1,1.5,5,3,4,4,3,5,4,5,2,2,5,4,4,4,4,3,4,4,4,3,1,2,4,4,3,4,3,3,2,4,8,0,2,2,2,7,5,6,7,7,5,7,5,7,7,6,6,6,7,7,7,6,7,5,6,5,6,5,7,6,7,5,7,4,7,,,,500,,500,500,,1,1,,500,4,4,4,4,5,5,5,5,,,1,2,0,1,0,1,,4.25,4.5,3,3.5,6.16666666666667,4,5,1,,,,,,,,
11,1,2.4,2,4,2,3,4,3,5,4,2,3,4,4,4,2,2,1,4,4,3,3,4,3,4,4,3,2,3,3,2,10,14,1,2,1,2,6,5,4,4,4,6,6,6,5,6,5,6,4,4,4,6,4,5,6,6,5,6,4,5,4,5,4,6,5,5,,,,170,,170,170,,0,0,,170,5,5,5,4,5,5,4,4,,,2,3,1,2,1,0,,3.25,3.25,2.75,3,5.03333333333333,4.75,4.5,2,,,,,,,,
10,1,1.2,3,3,2,4,4,4,2,5,4,2,4,2,4,3,4,3,3,3,2,3,4,4,3,4,4,2,3,4,1,16,16,2.5,2,1,2,7,7,6,7,7,7,7,7,7,6,6,7,7,6,7,6,7,6,6,6,7,7,7,7,7,7,7,6,7,7,,,,130,,130,130,,0,0,,130,7,6,7,7,6,6,6,5,,,3,2,2,3,2,,1,3.5,4.25,3.25,2.25,6.7,6.75,5.75,2,,,,,,,,
11,1,2.8,2,4,5,4,2,4,5,3,2,5,4,1,4,5,5,2,4,4,3,3,4,4,4,4,3,4,2,4,1,14,10,5,2,1,2,7,5,6,4,6,6,7,5,5,6,4,6,5,4,4,7,2,5,6,6,5,5,3,5,2,6,5,7,6,5,,,,500,,500,500,,1,1,,500,7,7,7,7,5,5,5,5,,,2,1,3,2,3,2,,3.5,4,1.75,5,5.16666666666667,7,5,2,,,,,,,,
11,1,1.8,4,1,2,4,2,4,2,5,1,3,4,1,5,2,2,3,4,4,4,4,2,2,4,3,3,4,3,3,2,10,14,3,1,1,1,7,6,6,5,6,6,6,5,5,7,5,7,4,6,6,6,5,7,6,5,5,5,3,4,5,6,5,6,5,6,,,,330,,330,330,,0,0,,330,6,7,6,5,5,6,6,4,,,2,3,1,2,1,0,,3.5,3.75,1.75,2.25,5.53333333333333,6,5.25,2,,,,,,,,
11,1,1.4,5,1,1,5,4,5,2,5,1,2,5,1,5,4,4,4,4,4,2,2,1,1,4,4,4,4,1,4,1,2,2,2,2,1,1,6,4,7,6,7,6,7,7,6,7,6,7,7,7,7,7,7,7,6,5,7,7,2,7,6,7,6,7,7,7,,,,500,,500,500,,1,1,,500,6,6,3,6,7,7,6,6,,,0,1,1,0,1,2,,4,4.75,2.5,2.25,6.4,5.25,6.5,1,,,,,,,,
16,1,2.5,2,3,2,4,4,2,4,4,4,3,4,2,3,3,3,2,3,4,2,2,1,2,3,4,4,4,2,3,2,16,16,4,2,1,1,6,6,3,7,7,6,7,6,7,5,4,5,6,6,6,3,5,5,5,4,5,6,5,7,4,7,5,2,6,5,,,,130,,130,130,,0,0,,130,4,5,2,5,6,6,5,5,,,3,2,2,3,2,,1,2.5,3.75,3,3,5.36666666666667,4,5.5,2,,,,,,,,
6,1,1.6,4,2,4,4,4,5,5,4,3,4,4,3,4,4,2,1,3,3,4,4,1,2,3,4,4,4,3,3,2,10,14,0,2,1,2,7,6,5,6,6,5,7,6,5,6,5,5,6,6,5,7,5,6,5,6,5,5,4,6,5,7,5,6,5,5,,,,300,,300,300,,0,0,,300,4,4,1,4,4,5,4,4,,,2,3,1,2,1,0,,3.75,3.5,2.75,4.25,5.6,3.25,4.25,2,,,,,,,,
